대분류,기준품목,세부품목,별칭·검색변형,DB구분,출처·메모
과일,사과,부사,,기본DB,https://www.nongsaro.go.kr / https://www.data.go.kr/data/3060745/openapi.do
과일,사과,후지사과,,기본DB,https://www.nongsaro.go.kr / https://www.data.go.kr/data/3060745/openapi.do
과일,사과,홍로사과,,기본DB,https://www.nongsaro.go.kr / https://www.data.go.kr/data/3060745/openapi.do
과일,사과,아리수사과,,기본DB,https://www.nongsaro.go.kr / https://www.data.go.kr/data/3060745/openapi.do
과일,사과,감홍사과,,기본DB,https://www.nongsaro.go.kr / https://www.data.go.kr/data/3060745/openapi.do
과일,사과,시나노골드,,기본DB,https://www.nongsaro.go.kr / https://www.data.go.kr/data/3060745/openapi.do
과일,사과,황금사과,,기본DB,https://www.nongsaro.go.kr / https://www.data.go.kr/data/3060745/openapi.do
과일,사과,루비에스,,기본DB,https://www.nongsaro.go.kr / https://www.data.go.kr/data/3060745/openapi.do
과일,사과,썸머킹,,기본DB,https://www.nongsaro.go.kr / https://www.data.go.kr/data/3060745/openapi.do
과일,사과,썸머프린스,,기본DB,https://www.nongsaro.go.kr / https://www.data.go.kr/data/3060745/openapi.do
과일,사과,쓰가루사과,,기본DB,https://www.nongsaro.go.kr / https://www.data.go.kr/data/3060745/openapi.do
과일,사과,아오리사과,,기본DB,https://www.nongsaro.go.kr / https://www.data.go.kr/data/3060745/openapi.do
과일,사과,양광사과,,기본DB,https://www.nongsaro.go.kr / https://www.data.go.kr/data/3060745/openapi.do
과일,사과,시나노스위트,,기본DB,https://www.nongsaro.go.kr / https://www.data.go.kr/data/3060745/openapi.do
과일,사과,엔비사과,,기본DB,https://www.nongsaro.go.kr / https://www.data.go.kr/data/3060745/openapi.do
과일,사과,미니사과,,기본DB,https://www.nongsaro.go.kr / https://www.data.go.kr/data/3060745/openapi.do
과일,사과,알프스오토메,,기본DB,https://www.nongsaro.go.kr / https://www.data.go.kr/data/3060745/openapi.do
과일,사과,사과대추,,기본DB,https://www.nongsaro.go.kr / https://www.data.go.kr/data/3060745/openapi.do
과일,사과,홍옥사과,,기본DB,https://www.nongsaro.go.kr / https://www.data.go.kr/data/3060745/openapi.do
과일,사과,국광사과,,기본DB,https://www.nongsaro.go.kr / https://www.data.go.kr/data/3060745/openapi.do
과일,사과,미얀마사과,,기본DB,https://www.nongsaro.go.kr / https://www.data.go.kr/data/3060745/openapi.do
과일,사과,피크닉사과,,기본DB,https://www.nongsaro.go.kr / https://www.data.go.kr/data/3060745/openapi.do
과일,사과,황옥사과,,기본DB,https://www.nongsaro.go.kr / https://www.data.go.kr/data/3060745/openapi.do
과일,사과,루비에프,,기본DB,https://www.nongsaro.go.kr / https://www.data.go.kr/data/3060745/openapi.do
과일,사과,이지플사과,,기본DB,https://www.nongsaro.go.kr / https://www.data.go.kr/data/3060745/openapi.do
과일,배,신고배,,기본DB,https://www.nongsaro.go.kr / https://www.data.go.kr/data/3060745/openapi.do
과일,배,원황배,,기본DB,https://www.nongsaro.go.kr / https://www.data.go.kr/data/3060745/openapi.do
과일,배,황금배,,기본DB,https://www.nongsaro.go.kr / https://www.data.go.kr/data/3060745/openapi.do
과일,배,화산배,,기본DB,https://www.nongsaro.go.kr / https://www.data.go.kr/data/3060745/openapi.do
과일,배,한아름배,,기본DB,https://www.nongsaro.go.kr / https://www.data.go.kr/data/3060745/openapi.do
과일,배,조이스킨배,,기본DB,https://www.nongsaro.go.kr / https://www.data.go.kr/data/3060745/openapi.do
과일,배,그린시스배,,기본DB,https://www.nongsaro.go.kr / https://www.data.go.kr/data/3060745/openapi.do
과일,배,슈퍼골드배,,기본DB,https://www.nongsaro.go.kr / https://www.data.go.kr/data/3060745/openapi.do
과일,배,창조배,,기본DB,https://www.nongsaro.go.kr / https://www.data.go.kr/data/3060745/openapi.do
과일,배,만풍배,,기본DB,https://www.nongsaro.go.kr / https://www.data.go.kr/data/3060745/openapi.do
과일,배,감천배,,기본DB,https://www.nongsaro.go.kr / https://www.data.go.kr/data/3060745/openapi.do
과일,배,추황배,,기본DB,https://www.nongsaro.go.kr / https://www.data.go.kr/data/3060745/openapi.do
과일,배,설원배,,기본DB,https://www.nongsaro.go.kr / https://www.data.go.kr/data/3060745/openapi.do
과일,배,신화배,,기본DB,https://www.nongsaro.go.kr / https://www.data.go.kr/data/3060745/openapi.do
과일,배,스위트코스트배,,기본DB,https://www.nongsaro.go.kr / https://www.data.go.kr/data/3060745/openapi.do
과일,배,애플페어,,기본DB,https://www.nongsaro.go.kr / https://www.data.go.kr/data/3060745/openapi.do
과일,배,미니배,,기본DB,https://www.nongsaro.go.kr / https://www.data.go.kr/data/3060745/openapi.do
과일,복숭아,백도복숭아,,기본DB,https://www.nongsaro.go.kr / https://www.data.go.kr/data/3060745/openapi.do
과일,복숭아,황도복숭아,,기본DB,https://www.nongsaro.go.kr / https://www.data.go.kr/data/3060745/openapi.do
과일,복숭아,천도복숭아,,기본DB,https://www.nongsaro.go.kr / https://www.data.go.kr/data/3060745/openapi.do
과일,복숭아,신비복숭아,,기본DB,https://www.nongsaro.go.kr / https://www.data.go.kr/data/3060745/openapi.do
과일,복숭아,납작복숭아,,기본DB,https://www.nongsaro.go.kr / https://www.data.go.kr/data/3060745/openapi.do
과일,복숭아,딱딱이복숭아,,기본DB,https://www.nongsaro.go.kr / https://www.data.go.kr/data/3060745/openapi.do
과일,복숭아,말랑이복숭아,,기본DB,https://www.nongsaro.go.kr / https://www.data.go.kr/data/3060745/openapi.do
과일,복숭아,미백복숭아,,기본DB,https://www.nongsaro.go.kr / https://www.data.go.kr/data/3060745/openapi.do
과일,복숭아,천중도백도,,기본DB,https://www.nongsaro.go.kr / https://www.data.go.kr/data/3060745/openapi.do
과일,복숭아,유명복숭아,,기본DB,https://www.nongsaro.go.kr / https://www.data.go.kr/data/3060745/openapi.do
과일,복숭아,대명복숭아,,기본DB,https://www.nongsaro.go.kr / https://www.data.go.kr/data/3060745/openapi.do
과일,복숭아,마도카복숭아,,기본DB,https://www.nongsaro.go.kr / https://www.data.go.kr/data/3060745/openapi.do
과일,복숭아,경봉복숭아,,기본DB,https://www.nongsaro.go.kr / https://www.data.go.kr/data/3060745/openapi.do
과일,복숭아,그레이트복숭아,,기본DB,https://www.nongsaro.go.kr / https://www.data.go.kr/data/3060745/openapi.do
과일,복숭아,장호원황도,,기본DB,https://www.nongsaro.go.kr / https://www.data.go.kr/data/3060745/openapi.do
과일,복숭아,엘바트황도,,기본DB,https://www.nongsaro.go.kr / https://www.data.go.kr/data/3060745/openapi.do
과일,복숭아,금황복숭아,,기본DB,https://www.nongsaro.go.kr / https://www.data.go.kr/data/3060745/openapi.do
과일,복숭아,금봉복숭아,,기본DB,https://www.nongsaro.go.kr / https://www.data.go.kr/data/3060745/openapi.do
과일,복숭아,수황복숭아,,기본DB,https://www.nongsaro.go.kr / https://www.data.go.kr/data/3060745/openapi.do
과일,복숭아,선프레복숭아,,기본DB,https://www.nongsaro.go.kr / https://www.data.go.kr/data/3060745/openapi.do
과일,복숭아,환타지아천도,,기본DB,https://www.nongsaro.go.kr / https://www.data.go.kr/data/3060745/openapi.do
과일,복숭아,레드골드천도,,기본DB,https://www.nongsaro.go.kr / https://www.data.go.kr/data/3060745/openapi.do
과일,복숭아,선광천도,,기본DB,https://www.nongsaro.go.kr / https://www.data.go.kr/data/3060745/openapi.do
과일,복숭아,오도로키복숭아,,기본DB,https://www.nongsaro.go.kr / https://www.data.go.kr/data/3060745/openapi.do
과일,복숭아,몽부사복숭아,,기본DB,https://www.nongsaro.go.kr / https://www.data.go.kr/data/3060745/openapi.do
과일,복숭아,단금도복숭아,,기본DB,https://www.nongsaro.go.kr / https://www.data.go.kr/data/3060745/openapi.do
과일,복숭아,대극천복숭아,,기본DB,https://www.nongsaro.go.kr / https://www.data.go.kr/data/3060745/openapi.do
과일,복숭아,백천황도,,기본DB,https://www.nongsaro.go.kr / https://www.data.go.kr/data/3060745/openapi.do
과일,복숭아,미황복숭아,,기본DB,https://www.nongsaro.go.kr / https://www.data.go.kr/data/3060745/openapi.do
과일,복숭아,용택골드복숭아,,기본DB,https://www.nongsaro.go.kr / https://www.data.go.kr/data/3060745/openapi.do
과일,자두,대석자두,,기본DB,https://www.nongsaro.go.kr / https://www.data.go.kr/data/3060745/openapi.do
과일,자두,후무사자두,,기본DB,https://www.nongsaro.go.kr / https://www.data.go.kr/data/3060745/openapi.do
과일,자두,피자두,,기본DB,https://www.nongsaro.go.kr / https://www.data.go.kr/data/3060745/openapi.do
과일,자두,왕자두,,기본DB,https://www.nongsaro.go.kr / https://www.data.go.kr/data/3060745/openapi.do
과일,자두,추희자두,,기본DB,https://www.nongsaro.go.kr / https://www.data.go.kr/data/3060745/openapi.do
과일,자두,홍로센자두,,기본DB,https://www.nongsaro.go.kr / https://www.data.go.kr/data/3060745/openapi.do
과일,자두,도담자두,,기본DB,https://www.nongsaro.go.kr / https://www.data.go.kr/data/3060745/openapi.do
과일,자두,퍼플퀸자두,,기본DB,https://www.nongsaro.go.kr / https://www.data.go.kr/data/3060745/openapi.do
과일,자두,솔담자두,,기본DB,https://www.nongsaro.go.kr / https://www.data.go.kr/data/3060745/openapi.do
과일,자두,포모사자두,,기본DB,https://www.nongsaro.go.kr / https://www.data.go.kr/data/3060745/openapi.do
과일,자두,산타로사자두,,기본DB,https://www.nongsaro.go.kr / https://www.data.go.kr/data/3060745/openapi.do
과일,자두,홍자두,,기본DB,https://www.nongsaro.go.kr / https://www.data.go.kr/data/3060745/openapi.do
과일,자두,노란자두,,기본DB,https://www.nongsaro.go.kr / https://www.data.go.kr/data/3060745/openapi.do
과일,자두,체리자두,,기본DB,https://www.nongsaro.go.kr / https://www.data.go.kr/data/3060745/openapi.do
과일,자두,나디아자두,,기본DB,https://www.nongsaro.go.kr / https://www.data.go.kr/data/3060745/openapi.do
과일,자두,플럼코트,,기본DB,https://www.nongsaro.go.kr / https://www.data.go.kr/data/3060745/openapi.do
과일,자두,티파니플럼코트,,기본DB,https://www.nongsaro.go.kr / https://www.data.go.kr/data/3060745/openapi.do
과일,자두,하모니플럼코트,,기본DB,https://www.nongsaro.go.kr / https://www.data.go.kr/data/3060745/openapi.do
과일,자두,심포니플럼코트,,기본DB,https://www.nongsaro.go.kr / https://www.data.go.kr/data/3060745/openapi.do
과일,포도,캠벨포도,,기본DB,https://www.nongsaro.go.kr / https://www.data.go.kr/data/3060745/openapi.do
과일,포도,거봉포도,,기본DB,https://www.nongsaro.go.kr / https://www.data.go.kr/data/3060745/openapi.do
과일,포도,샤인머스켓,,기본DB,https://www.nongsaro.go.kr / https://www.data.go.kr/data/3060745/openapi.do
과일,포도,머루포도,,기본DB,https://www.nongsaro.go.kr / https://www.data.go.kr/data/3060745/openapi.do
과일,포도,델라웨어포도,,기본DB,https://www.nongsaro.go.kr / https://www.data.go.kr/data/3060745/openapi.do
과일,포도,블랙사파이어포도,,기본DB,https://www.nongsaro.go.kr / https://www.data.go.kr/data/3060745/openapi.do
과일,포도,크림슨포도,,기본DB,https://www.nongsaro.go.kr / https://www.data.go.kr/data/3060745/openapi.do
과일,포도,레드글로브포도,,기본DB,https://www.nongsaro.go.kr / https://www.data.go.kr/data/3060745/openapi.do
과일,포도,스튜벤포도,,기본DB,https://www.nongsaro.go.kr / https://www.data.go.kr/data/3060745/openapi.do
과일,포도,MBA포도,,기본DB,https://www.nongsaro.go.kr / https://www.data.go.kr/data/3060745/openapi.do
과일,포도,흑보석포도,,기본DB,https://www.nongsaro.go.kr / https://www.data.go.kr/data/3060745/openapi.do
과일,포도,홍주씨들리스,,기본DB,https://www.nongsaro.go.kr / https://www.data.go.kr/data/3060745/openapi.do
과일,포도,루비로망,,기본DB,https://www.nongsaro.go.kr / https://www.data.go.kr/data/3060745/openapi.do
과일,포도,마이하트포도,,기본DB,https://www.nongsaro.go.kr / https://www.data.go.kr/data/3060745/openapi.do
과일,포도,킹데라포도,,기본DB,https://www.nongsaro.go.kr / https://www.data.go.kr/data/3060745/openapi.do
과일,포도,청포도,,기본DB,https://www.nongsaro.go.kr / https://www.data.go.kr/data/3060745/openapi.do
과일,포도,바이올렛킹포도,,기본DB,https://www.nongsaro.go.kr / https://www.data.go.kr/data/3060745/openapi.do
과일,포도,충랑포도,,기본DB,https://www.nongsaro.go.kr / https://www.data.go.kr/data/3060745/openapi.do
과일,포도,새마루포도,,기본DB,https://www.nongsaro.go.kr / https://www.data.go.kr/data/3060745/openapi.do
과일,포도,나르샤포도,,기본DB,https://www.nongsaro.go.kr / https://www.data.go.kr/data/3060745/openapi.do
과일,포도,슈팅스타포도,,기본DB,https://www.nongsaro.go.kr / https://www.data.go.kr/data/3060745/openapi.do
과일,감,단감,,기본DB,https://www.nongsaro.go.kr / https://www.data.go.kr/data/3060745/openapi.do
과일,감,부유단감,,기본DB,https://www.nongsaro.go.kr / https://www.data.go.kr/data/3060745/openapi.do
과일,감,차랑단감,,기본DB,https://www.nongsaro.go.kr / https://www.data.go.kr/data/3060745/openapi.do
과일,감,태추단감,,기본DB,https://www.nongsaro.go.kr / https://www.data.go.kr/data/3060745/openapi.do
과일,감,상서조생단감,,기본DB,https://www.nongsaro.go.kr / https://www.data.go.kr/data/3060745/openapi.do
과일,감,로망단감,,기본DB,https://www.nongsaro.go.kr / https://www.data.go.kr/data/3060745/openapi.do
과일,감,감풍단감,,기본DB,https://www.nongsaro.go.kr / https://www.data.go.kr/data/3060745/openapi.do
과일,감,대봉감,,기본DB,https://www.nongsaro.go.kr / https://www.data.go.kr/data/3060745/openapi.do
과일,감,둥시감,,기본DB,https://www.nongsaro.go.kr / https://www.data.go.kr/data/3060745/openapi.do
과일,감,반시감,,기본DB,https://www.nongsaro.go.kr / https://www.data.go.kr/data/3060745/openapi.do
과일,감,청도반시,,기본DB,https://www.nongsaro.go.kr / https://www.data.go.kr/data/3060745/openapi.do
과일,감,월하시감,,기본DB,https://www.nongsaro.go.kr / https://www.data.go.kr/data/3060745/openapi.do
과일,감,갑주백목,,기본DB,https://www.nongsaro.go.kr / https://www.data.go.kr/data/3060745/openapi.do
과일,감,고종시감,,기본DB,https://www.nongsaro.go.kr / https://www.data.go.kr/data/3060745/openapi.do
과일,감,건시곶감,,기본DB,https://www.nongsaro.go.kr / https://www.data.go.kr/data/3060745/openapi.do
과일,감,반건시곶감,,기본DB,https://www.nongsaro.go.kr / https://www.data.go.kr/data/3060745/openapi.do
과일,감귤,노지감귤,,기본DB,https://www.nongsaro.go.kr / https://www.data.go.kr/data/3060745/openapi.do
과일,감귤,하우스감귤,,기본DB,https://www.nongsaro.go.kr / https://www.data.go.kr/data/3060745/openapi.do
과일,감귤,극조생감귤,,기본DB,https://www.nongsaro.go.kr / https://www.data.go.kr/data/3060745/openapi.do
과일,감귤,조생감귤,,기본DB,https://www.nongsaro.go.kr / https://www.data.go.kr/data/3060745/openapi.do
과일,감귤,타이벡감귤,,기본DB,https://www.nongsaro.go.kr / https://www.data.go.kr/data/3060745/openapi.do
과일,감귤,비가림감귤,,기본DB,https://www.nongsaro.go.kr / https://www.data.go.kr/data/3060745/openapi.do
과일,감귤,풋귤,,기본DB,https://www.nongsaro.go.kr / https://www.data.go.kr/data/3060745/openapi.do
과일,감귤,청귤,,기본DB,https://www.nongsaro.go.kr / https://www.data.go.kr/data/3060745/openapi.do
과일,감귤,황금향,,기본DB,https://www.nongsaro.go.kr / https://www.data.go.kr/data/3060745/openapi.do
과일,감귤,천혜향,,기본DB,https://www.nongsaro.go.kr / https://www.data.go.kr/data/3060745/openapi.do
과일,감귤,레드향,,기본DB,https://www.nongsaro.go.kr / https://www.data.go.kr/data/3060745/openapi.do
과일,감귤,한라봉,,기본DB,https://www.nongsaro.go.kr / https://www.data.go.kr/data/3060745/openapi.do
과일,감귤,카라향,,기본DB,https://www.nongsaro.go.kr / https://www.data.go.kr/data/3060745/openapi.do
과일,감귤,진지향,,기본DB,https://www.nongsaro.go.kr / https://www.data.go.kr/data/3060745/openapi.do
과일,감귤,세토카,,기본DB,https://www.nongsaro.go.kr / https://www.data.go.kr/data/3060745/openapi.do
과일,감귤,탐나는봉,,기본DB,https://www.nongsaro.go.kr / https://www.data.go.kr/data/3060745/openapi.do
과일,감귤,윈터프린스,,기본DB,https://www.nongsaro.go.kr / https://www.data.go.kr/data/3060745/openapi.do
과일,감귤,미니향,,기본DB,https://www.nongsaro.go.kr / https://www.data.go.kr/data/3060745/openapi.do
과일,감귤,유라조생,,기본DB,https://www.nongsaro.go.kr / https://www.data.go.kr/data/3060745/openapi.do
과일,감귤,하례조생,,기본DB,https://www.nongsaro.go.kr / https://www.data.go.kr/data/3060745/openapi.do
과일,감귤,궁천조생,,기본DB,https://www.nongsaro.go.kr / https://www.data.go.kr/data/3060745/openapi.do
과일,멜론,머스크멜론,,기본DB,https://www.nongsaro.go.kr / https://www.data.go.kr/data/3060745/openapi.do
과일,멜론,네트멜론,,기본DB,https://www.nongsaro.go.kr / https://www.data.go.kr/data/3060745/openapi.do
과일,멜론,하니원멜론,,기본DB,https://www.nongsaro.go.kr / https://www.data.go.kr/data/3060745/openapi.do
과일,멜론,허니원멜론,,기본DB,https://www.nongsaro.go.kr / https://www.data.go.kr/data/3060745/openapi.do
과일,멜론,홈런스타멜론,,기본DB,https://www.nongsaro.go.kr / https://www.data.go.kr/data/3060745/openapi.do
과일,멜론,백자멜론,,기본DB,https://www.nongsaro.go.kr / https://www.data.go.kr/data/3060745/openapi.do
과일,멜론,양구멜론,,기본DB,https://www.nongsaro.go.kr / https://www.data.go.kr/data/3060745/openapi.do
과일,멜론,성주멜론,,기본DB,https://www.nongsaro.go.kr / https://www.data.go.kr/data/3060745/openapi.do
과일,멜론,파파야멜론,,기본DB,https://www.nongsaro.go.kr / https://www.data.go.kr/data/3060745/openapi.do
과일,멜론,골드멜론,,기본DB,https://www.nongsaro.go.kr / https://www.data.go.kr/data/3060745/openapi.do
과일,멜론,칸탈루프멜론,,기본DB,https://www.nongsaro.go.kr / https://www.data.go.kr/data/3060745/openapi.do
과일,멜론,하미과멜론,,기본DB,https://www.nongsaro.go.kr / https://www.data.go.kr/data/3060745/openapi.do
과일,멜론,허니듀멜론,,기본DB,https://www.nongsaro.go.kr / https://www.data.go.kr/data/3060745/openapi.do
과일,멜론,얼스멜론,,기본DB,https://www.nongsaro.go.kr / https://www.data.go.kr/data/3060745/openapi.do
과일,멜론,레드퀸멜론,,기본DB,https://www.nongsaro.go.kr / https://www.data.go.kr/data/3060745/openapi.do
과일,멜론,달고나멜론,,기본DB,https://www.nongsaro.go.kr / https://www.data.go.kr/data/3060745/openapi.do
과일,멜론,미니멜론,,기본DB,https://www.nongsaro.go.kr / https://www.data.go.kr/data/3060745/openapi.do
과일,멜론,무등산멜론,,기본DB,https://www.nongsaro.go.kr / https://www.data.go.kr/data/3060745/openapi.do
과일,멜론,세지멜론,,기본DB,https://www.nongsaro.go.kr / https://www.data.go.kr/data/3060745/openapi.do
과일,멜론,고창멜론,,기본DB,https://www.nongsaro.go.kr / https://www.data.go.kr/data/3060745/openapi.do
과일,수박,일반수박,,기본DB,https://www.nongsaro.go.kr / https://www.data.go.kr/data/3060745/openapi.do
과일,수박,씨없는수박,,기본DB,https://www.nongsaro.go.kr / https://www.data.go.kr/data/3060745/openapi.do
과일,수박,흑피수박,,기본DB,https://www.nongsaro.go.kr / https://www.data.go.kr/data/3060745/openapi.do
과일,수박,애플수박,,기본DB,https://www.nongsaro.go.kr / https://www.data.go.kr/data/3060745/openapi.do
과일,수박,망고수박,,기본DB,https://www.nongsaro.go.kr / https://www.data.go.kr/data/3060745/openapi.do
과일,수박,복수박,,기본DB,https://www.nongsaro.go.kr / https://www.data.go.kr/data/3060745/openapi.do
과일,수박,베개수박,,기본DB,https://www.nongsaro.go.kr / https://www.data.go.kr/data/3060745/openapi.do
과일,수박,미니수박,,기본DB,https://www.nongsaro.go.kr / https://www.data.go.kr/data/3060745/openapi.do
과일,수박,황금수박,,기본DB,https://www.nongsaro.go.kr / https://www.data.go.kr/data/3060745/openapi.do
과일,수박,노란수박,,기본DB,https://www.nongsaro.go.kr / https://www.data.go.kr/data/3060745/openapi.do
과일,수박,블랙망고수박,,기본DB,https://www.nongsaro.go.kr / https://www.data.go.kr/data/3060745/openapi.do
과일,수박,무등산수박,,기본DB,https://www.nongsaro.go.kr / https://www.data.go.kr/data/3060745/openapi.do
과일,수박,속노란수박,,기본DB,https://www.nongsaro.go.kr / https://www.data.go.kr/data/3060745/openapi.do
과일,참외,성주참외,,기본DB,https://www.nongsaro.go.kr / https://www.data.go.kr/data/3060745/openapi.do
과일,참외,꿀참외,,기본DB,https://www.nongsaro.go.kr / https://www.data.go.kr/data/3060745/openapi.do
과일,참외,금싸라기참외,,기본DB,https://www.nongsaro.go.kr / https://www.data.go.kr/data/3060745/openapi.do
과일,참외,오복참외,,기본DB,https://www.nongsaro.go.kr / https://www.data.go.kr/data/3060745/openapi.do
과일,참외,스마트꿀참외,,기본DB,https://www.nongsaro.go.kr / https://www.data.go.kr/data/3060745/openapi.do
과일,참외,미니참외,,기본DB,https://www.nongsaro.go.kr / https://www.data.go.kr/data/3060745/openapi.do
과일,참외,개구리참외,,기본DB,https://www.nongsaro.go.kr / https://www.data.go.kr/data/3060745/openapi.do
과일,딸기,설향딸기,,기본DB,https://www.nongsaro.go.kr / https://www.data.go.kr/data/3060745/openapi.do
과일,딸기,금실딸기,,기본DB,https://www.nongsaro.go.kr / https://www.data.go.kr/data/3060745/openapi.do
과일,딸기,킹스베리,,기본DB,https://www.nongsaro.go.kr / https://www.data.go.kr/data/3060745/openapi.do
과일,딸기,죽향딸기,,기본DB,https://www.nongsaro.go.kr / https://www.data.go.kr/data/3060745/openapi.do
과일,딸기,매향딸기,,기본DB,https://www.nongsaro.go.kr / https://www.data.go.kr/data/3060745/openapi.do
과일,딸기,아리향딸기,,기본DB,https://www.nongsaro.go.kr / https://www.data.go.kr/data/3060745/openapi.do
과일,딸기,비타베리,,기본DB,https://www.nongsaro.go.kr / https://www.data.go.kr/data/3060745/openapi.do
과일,딸기,두리향딸기,,기본DB,https://www.nongsaro.go.kr / https://www.data.go.kr/data/3060745/openapi.do
과일,딸기,알타킹딸기,,기본DB,https://www.nongsaro.go.kr / https://www.data.go.kr/data/3060745/openapi.do
과일,딸기,고슬딸기,,기본DB,https://www.nongsaro.go.kr / https://www.data.go.kr/data/3060745/openapi.do
과일,딸기,메리퀸딸기,,기본DB,https://www.nongsaro.go.kr / https://www.data.go.kr/data/3060745/openapi.do
과일,딸기,하이베리,,기본DB,https://www.nongsaro.go.kr / https://www.data.go.kr/data/3060745/openapi.do
과일,딸기,장희딸기,,기본DB,https://www.nongsaro.go.kr / https://www.data.go.kr/data/3060745/openapi.do
과일,딸기,산딸기,,기본DB,https://www.nongsaro.go.kr / https://www.data.go.kr/data/3060745/openapi.do
과일,딸기,복분자,,기본DB,https://www.nongsaro.go.kr / https://www.data.go.kr/data/3060745/openapi.do
과일,딸기,블랙베리,,기본DB,https://www.nongsaro.go.kr / https://www.data.go.kr/data/3060745/openapi.do
과일,딸기,라즈베리,,기본DB,https://www.nongsaro.go.kr / https://www.data.go.kr/data/3060745/openapi.do
과일,딸기,화이트딸기,,기본DB,https://www.nongsaro.go.kr / https://www.data.go.kr/data/3060745/openapi.do
과일,체리,국산체리,,기본DB,https://www.nongsaro.go.kr / https://www.data.go.kr/data/3060745/openapi.do
과일,체리,수입체리,,기본DB,https://www.nongsaro.go.kr / https://www.data.go.kr/data/3060745/openapi.do
과일,체리,레이니어체리,,기본DB,https://www.nongsaro.go.kr / https://www.data.go.kr/data/3060745/openapi.do
과일,체리,빙체리,,기본DB,https://www.nongsaro.go.kr / https://www.data.go.kr/data/3060745/openapi.do
과일,체리,스텔라체리,,기본DB,https://www.nongsaro.go.kr / https://www.data.go.kr/data/3060745/openapi.do
과일,체리,좌등금체리,,기본DB,https://www.nongsaro.go.kr / https://www.data.go.kr/data/3060745/openapi.do
과일,체리,홍수봉체리,,기본DB,https://www.nongsaro.go.kr / https://www.data.go.kr/data/3060745/openapi.do
과일,체리,타이톤체리,,기본DB,https://www.nongsaro.go.kr / https://www.data.go.kr/data/3060745/openapi.do
과일,체리,라핀체리,,기본DB,https://www.nongsaro.go.kr / https://www.data.go.kr/data/3060745/openapi.do
과일,베리,블루베리,,기본DB,https://www.nongsaro.go.kr / https://www.data.go.kr/data/3060745/openapi.do
과일,베리,듀크블루베리,,기본DB,https://www.nongsaro.go.kr / https://www.data.go.kr/data/3060745/openapi.do
과일,베리,레카블루베리,,기본DB,https://www.nongsaro.go.kr / https://www.data.go.kr/data/3060745/openapi.do
과일,베리,스파르탄블루베리,,기본DB,https://www.nongsaro.go.kr / https://www.data.go.kr/data/3060745/openapi.do
과일,베리,엘리자베스블루베리,,기본DB,https://www.nongsaro.go.kr / https://www.data.go.kr/data/3060745/openapi.do
과일,베리,블루크롭블루베리,,기본DB,https://www.nongsaro.go.kr / https://www.data.go.kr/data/3060745/openapi.do
과일,베리,아로니아,,기본DB,https://www.nongsaro.go.kr / https://www.data.go.kr/data/3060745/openapi.do
과일,베리,오디,,기본DB,https://www.nongsaro.go.kr / https://www.data.go.kr/data/3060745/openapi.do
과일,베리,구스베리,,기본DB,https://www.nongsaro.go.kr / https://www.data.go.kr/data/3060745/openapi.do
과일,베리,커런트,,기본DB,https://www.nongsaro.go.kr / https://www.data.go.kr/data/3060745/openapi.do
과일,베리,크랜베리,,기본DB,https://www.nongsaro.go.kr / https://www.data.go.kr/data/3060745/openapi.do
과일,베리,보리수열매,,기본DB,https://www.nongsaro.go.kr / https://www.data.go.kr/data/3060745/openapi.do
과일,열대과일,애플망고,,기본DB,https://www.nongsaro.go.kr / https://www.data.go.kr/data/3060745/openapi.do
과일,열대과일,무지개망고,,기본DB,https://www.nongsaro.go.kr / https://www.data.go.kr/data/3060745/openapi.do
과일,열대과일,태국망고,,기본DB,https://www.nongsaro.go.kr / https://www.data.go.kr/data/3060745/openapi.do
과일,열대과일,필리핀망고,,기본DB,https://www.nongsaro.go.kr / https://www.data.go.kr/data/3060745/openapi.do
과일,열대과일,페루망고,,기본DB,https://www.nongsaro.go.kr / https://www.data.go.kr/data/3060745/openapi.do
과일,열대과일,브라질망고,,기본DB,https://www.nongsaro.go.kr / https://www.data.go.kr/data/3060745/openapi.do
과일,열대과일,그린망고,,기본DB,https://www.nongsaro.go.kr / https://www.data.go.kr/data/3060745/openapi.do
과일,열대과일,카라바오망고,,기본DB,https://www.nongsaro.go.kr / https://www.data.go.kr/data/3060745/openapi.do
과일,열대과일,남독마이망고,,기본DB,https://www.nongsaro.go.kr / https://www.data.go.kr/data/3060745/openapi.do
과일,열대과일,대만애플망고,,기본DB,https://www.nongsaro.go.kr / https://www.data.go.kr/data/3060745/openapi.do
과일,열대과일,제주애플망고,,기본DB,https://www.nongsaro.go.kr / https://www.data.go.kr/data/3060745/openapi.do
과일,열대과일,파파야,,기본DB,https://www.nongsaro.go.kr / https://www.data.go.kr/data/3060745/openapi.do
과일,열대과일,용과,,기본DB,https://www.nongsaro.go.kr / https://www.data.go.kr/data/3060745/openapi.do
과일,열대과일,백용과,,기본DB,https://www.nongsaro.go.kr / https://www.data.go.kr/data/3060745/openapi.do
과일,열대과일,적용과,,기본DB,https://www.nongsaro.go.kr / https://www.data.go.kr/data/3060745/openapi.do
과일,열대과일,골드키위,,기본DB,https://www.nongsaro.go.kr / https://www.data.go.kr/data/3060745/openapi.do
과일,열대과일,그린키위,,기본DB,https://www.nongsaro.go.kr / https://www.data.go.kr/data/3060745/openapi.do
과일,열대과일,레드키위,,기본DB,https://www.nongsaro.go.kr / https://www.data.go.kr/data/3060745/openapi.do
과일,열대과일,루비골드키위,,기본DB,https://www.nongsaro.go.kr / https://www.data.go.kr/data/3060745/openapi.do
과일,열대과일,참다래,,기본DB,https://www.nongsaro.go.kr / https://www.data.go.kr/data/3060745/openapi.do
과일,열대과일,바나나,,기본DB,https://www.nongsaro.go.kr / https://www.data.go.kr/data/3060745/openapi.do
과일,열대과일,몽키바나나,,기본DB,https://www.nongsaro.go.kr / https://www.data.go.kr/data/3060745/openapi.do
과일,열대과일,델몬트바나나,,기본DB,https://www.nongsaro.go.kr / https://www.data.go.kr/data/3060745/openapi.do
과일,열대과일,파인애플,,기본DB,https://www.nongsaro.go.kr / https://www.data.go.kr/data/3060745/openapi.do
과일,열대과일,골드파인애플,,기본DB,https://www.nongsaro.go.kr / https://www.data.go.kr/data/3060745/openapi.do
과일,열대과일,스위티오파인애플,,기본DB,https://www.nongsaro.go.kr / https://www.data.go.kr/data/3060745/openapi.do
과일,열대과일,아보카도,,기본DB,https://www.nongsaro.go.kr / https://www.data.go.kr/data/3060745/openapi.do
과일,열대과일,코코넛,,기본DB,https://www.nongsaro.go.kr / https://www.data.go.kr/data/3060745/openapi.do
과일,열대과일,두리안,,기본DB,https://www.nongsaro.go.kr / https://www.data.go.kr/data/3060745/openapi.do
과일,열대과일,망고스틴,,기본DB,https://www.nongsaro.go.kr / https://www.data.go.kr/data/3060745/openapi.do
과일,열대과일,람부탄,,기본DB,https://www.nongsaro.go.kr / https://www.data.go.kr/data/3060745/openapi.do
과일,열대과일,리치,,기본DB,https://www.nongsaro.go.kr / https://www.data.go.kr/data/3060745/openapi.do
과일,열대과일,롱간,,기본DB,https://www.nongsaro.go.kr / https://www.data.go.kr/data/3060745/openapi.do
과일,열대과일,패션후르츠,,기본DB,https://www.nongsaro.go.kr / https://www.data.go.kr/data/3060745/openapi.do
과일,열대과일,백향과,,기본DB,https://www.nongsaro.go.kr / https://www.data.go.kr/data/3060745/openapi.do
과일,열대과일,구아바,,기본DB,https://www.nongsaro.go.kr / https://www.data.go.kr/data/3060745/openapi.do
과일,열대과일,스타후르츠,,기본DB,https://www.nongsaro.go.kr / https://www.data.go.kr/data/3060745/openapi.do
과일,열대과일,잭프루트,,기본DB,https://www.nongsaro.go.kr / https://www.data.go.kr/data/3060745/openapi.do
과일,열대과일,체리모야,,기본DB,https://www.nongsaro.go.kr / https://www.data.go.kr/data/3060745/openapi.do
과일,열대과일,포멜로,,기본DB,https://www.nongsaro.go.kr / https://www.data.go.kr/data/3060745/openapi.do
과일,열대과일,자몽,,기본DB,https://www.nongsaro.go.kr / https://www.data.go.kr/data/3060745/openapi.do
과일,열대과일,레몬,,기본DB,https://www.nongsaro.go.kr / https://www.data.go.kr/data/3060745/openapi.do
과일,열대과일,라임,,기본DB,https://www.nongsaro.go.kr / https://www.data.go.kr/data/3060745/openapi.do
과일,열대과일,금귤,,기본DB,https://www.nongsaro.go.kr / https://www.data.go.kr/data/3060745/openapi.do
과일,열대과일,유자,,기본DB,https://www.nongsaro.go.kr / https://www.data.go.kr/data/3060745/openapi.do
과일,열대과일,석류,,기본DB,https://www.nongsaro.go.kr / https://www.data.go.kr/data/3060745/openapi.do
과일,열대과일,무화과,,기본DB,https://www.nongsaro.go.kr / https://www.data.go.kr/data/3060745/openapi.do
과일,기타과일,대추,,기본DB,https://www.nongsaro.go.kr / https://www.data.go.kr/data/3060745/openapi.do
과일,기타과일,보은대추,,기본DB,https://www.nongsaro.go.kr / https://www.data.go.kr/data/3060745/openapi.do
과일,기타과일,경산대추,,기본DB,https://www.nongsaro.go.kr / https://www.data.go.kr/data/3060745/openapi.do
과일,기타과일,밤,,기본DB,https://www.nongsaro.go.kr / https://www.data.go.kr/data/3060745/openapi.do
과일,기타과일,옥광밤,,기본DB,https://www.nongsaro.go.kr / https://www.data.go.kr/data/3060745/openapi.do
과일,기타과일,대보밤,,기본DB,https://www.nongsaro.go.kr / https://www.data.go.kr/data/3060745/openapi.do
과일,기타과일,축파밤,,기본DB,https://www.nongsaro.go.kr / https://www.data.go.kr/data/3060745/openapi.do
과일,기타과일,공주밤,,기본DB,https://www.nongsaro.go.kr / https://www.data.go.kr/data/3060745/openapi.do
과일,기타과일,은행,,기본DB,https://www.nongsaro.go.kr / https://www.data.go.kr/data/3060745/openapi.do
과일,기타과일,매실,,기본DB,https://www.nongsaro.go.kr / https://www.data.go.kr/data/3060745/openapi.do
과일,기타과일,청매실,,기본DB,https://www.nongsaro.go.kr / https://www.data.go.kr/data/3060745/openapi.do
과일,기타과일,황매실,,기본DB,https://www.nongsaro.go.kr / https://www.data.go.kr/data/3060745/openapi.do
과일,기타과일,남고매실,,기본DB,https://www.nongsaro.go.kr / https://www.data.go.kr/data/3060745/openapi.do
과일,기타과일,살구,,기본DB,https://www.nongsaro.go.kr / https://www.data.go.kr/data/3060745/openapi.do
과일,기타과일,하코트살구,,기본DB,https://www.nongsaro.go.kr / https://www.data.go.kr/data/3060745/openapi.do
과일,기타과일,양살구,,기본DB,https://www.nongsaro.go.kr / https://www.data.go.kr/data/3060745/openapi.do
과일,기타과일,모과,,기본DB,https://www.nongsaro.go.kr / https://www.data.go.kr/data/3060745/openapi.do
과일,기타과일,다래,,기본DB,https://www.nongsaro.go.kr / https://www.data.go.kr/data/3060745/openapi.do
과일,기타과일,머루,,기본DB,https://www.nongsaro.go.kr / https://www.data.go.kr/data/3060745/openapi.do
과일,기타과일,으름,,기본DB,https://www.nongsaro.go.kr / https://www.data.go.kr/data/3060745/openapi.do
과일,기타과일,개복숭아,,기본DB,https://www.nongsaro.go.kr / https://www.data.go.kr/data/3060745/openapi.do
과일,기타과일,돌배,,기본DB,https://www.nongsaro.go.kr / https://www.data.go.kr/data/3060745/openapi.do
과일,기타과일,꾸지뽕열매,,기본DB,https://www.nongsaro.go.kr / https://www.data.go.kr/data/3060745/openapi.do
채소,엽채류,배추,,기본DB,https://www.nongsaro.go.kr / https://www.kamis.or.kr
채소,엽채류,봄배추,,기본DB,https://www.nongsaro.go.kr / https://www.kamis.or.kr
채소,엽채류,여름배추,,기본DB,https://www.nongsaro.go.kr / https://www.kamis.or.kr
채소,엽채류,고랭지배추,,기본DB,https://www.nongsaro.go.kr / https://www.kamis.or.kr
채소,엽채류,가을배추,,기본DB,https://www.nongsaro.go.kr / https://www.kamis.or.kr
채소,엽채류,월동배추,,기본DB,https://www.nongsaro.go.kr / https://www.kamis.or.kr
채소,엽채류,얼갈이배추,,기본DB,https://www.nongsaro.go.kr / https://www.kamis.or.kr
채소,엽채류,쌈배추,,기본DB,https://www.nongsaro.go.kr / https://www.kamis.or.kr
채소,엽채류,알배기배추,,기본DB,https://www.nongsaro.go.kr / https://www.kamis.or.kr
채소,엽채류,양배추,,기본DB,https://www.nongsaro.go.kr / https://www.kamis.or.kr
채소,엽채류,적양배추,,기본DB,https://www.nongsaro.go.kr / https://www.kamis.or.kr
채소,엽채류,미니양배추,,기본DB,https://www.nongsaro.go.kr / https://www.kamis.or.kr
채소,엽채류,방울양배추,,기본DB,https://www.nongsaro.go.kr / https://www.kamis.or.kr
채소,엽채류,곰보배추,,기본DB,https://www.nongsaro.go.kr / https://www.kamis.or.kr
채소,엽채류,상추,,기본DB,https://www.nongsaro.go.kr / https://www.kamis.or.kr
채소,엽채류,청상추,,기본DB,https://www.nongsaro.go.kr / https://www.kamis.or.kr
채소,엽채류,적상추,,기본DB,https://www.nongsaro.go.kr / https://www.kamis.or.kr
채소,엽채류,꽃상추,,기본DB,https://www.nongsaro.go.kr / https://www.kamis.or.kr
채소,엽채류,로메인,,기본DB,https://www.nongsaro.go.kr / https://www.kamis.or.kr
채소,엽채류,버터헤드레터스,,기본DB,https://www.nongsaro.go.kr / https://www.kamis.or.kr
채소,엽채류,카이피라,,기본DB,https://www.nongsaro.go.kr / https://www.kamis.or.kr
채소,엽채류,멀티리프,,기본DB,https://www.nongsaro.go.kr / https://www.kamis.or.kr
채소,엽채류,양상추,,기본DB,https://www.nongsaro.go.kr / https://www.kamis.or.kr
채소,엽채류,치커리,,기본DB,https://www.nongsaro.go.kr / https://www.kamis.or.kr
채소,엽채류,적치커리,,기본DB,https://www.nongsaro.go.kr / https://www.kamis.or.kr
채소,엽채류,라디치오,,기본DB,https://www.nongsaro.go.kr / https://www.kamis.or.kr
채소,엽채류,케일,,기본DB,https://www.nongsaro.go.kr / https://www.kamis.or.kr
채소,엽채류,쌈케일,,기본DB,https://www.nongsaro.go.kr / https://www.kamis.or.kr
채소,엽채류,곱슬케일,,기본DB,https://www.nongsaro.go.kr / https://www.kamis.or.kr
채소,엽채류,적케일,,기본DB,https://www.nongsaro.go.kr / https://www.kamis.or.kr
채소,엽채류,청경채,,기본DB,https://www.nongsaro.go.kr / https://www.kamis.or.kr
채소,엽채류,적청경채,,기본DB,https://www.nongsaro.go.kr / https://www.kamis.or.kr
채소,엽채류,근대,,기본DB,https://www.nongsaro.go.kr / https://www.kamis.or.kr
채소,엽채류,적근대,,기본DB,https://www.nongsaro.go.kr / https://www.kamis.or.kr
채소,엽채류,시금치,,기본DB,https://www.nongsaro.go.kr / https://www.kamis.or.kr
채소,엽채류,포항초,,기본DB,https://www.nongsaro.go.kr / https://www.kamis.or.kr
채소,엽채류,섬초,,기본DB,https://www.nongsaro.go.kr / https://www.kamis.or.kr
채소,엽채류,남해초,,기본DB,https://www.nongsaro.go.kr / https://www.kamis.or.kr
채소,엽채류,아욱,,기본DB,https://www.nongsaro.go.kr / https://www.kamis.or.kr
채소,엽채류,쑥갓,,기본DB,https://www.nongsaro.go.kr / https://www.kamis.or.kr
채소,엽채류,미나리,,기본DB,https://www.nongsaro.go.kr / https://www.kamis.or.kr
채소,엽채류,돌미나리,,기본DB,https://www.nongsaro.go.kr / https://www.kamis.or.kr
채소,엽채류,샐러리,,기본DB,https://www.nongsaro.go.kr / https://www.kamis.or.kr
채소,엽채류,셀러리,,기본DB,https://www.nongsaro.go.kr / https://www.kamis.or.kr
채소,엽채류,루꼴라,,기본DB,https://www.nongsaro.go.kr / https://www.kamis.or.kr
채소,엽채류,비타민채,,기본DB,https://www.nongsaro.go.kr / https://www.kamis.or.kr
채소,엽채류,다채,,기본DB,https://www.nongsaro.go.kr / https://www.kamis.or.kr
채소,엽채류,엔다이브,,기본DB,https://www.nongsaro.go.kr / https://www.kamis.or.kr
채소,엽채류,프리제,,기본DB,https://www.nongsaro.go.kr / https://www.kamis.or.kr
채소,엽채류,콜라비잎,,기본DB,https://www.nongsaro.go.kr / https://www.kamis.or.kr
채소,엽채류,깻잎,,기본DB,https://www.nongsaro.go.kr / https://www.kamis.or.kr
채소,엽채류,들깻잎,,기본DB,https://www.nongsaro.go.kr / https://www.kamis.or.kr
채소,엽채류,신선초,,기본DB,https://www.nongsaro.go.kr / https://www.kamis.or.kr
채소,엽채류,명일엽,,기본DB,https://www.nongsaro.go.kr / https://www.kamis.or.kr
채소,나물산채,취나물,,기본DB,https://www.nongsaro.go.kr / https://www.kamis.or.kr
채소,나물산채,참취,,기본DB,https://www.nongsaro.go.kr / https://www.kamis.or.kr
채소,나물산채,곰취,,기본DB,https://www.nongsaro.go.kr / https://www.kamis.or.kr
채소,나물산채,곤드레,,기본DB,https://www.nongsaro.go.kr / https://www.kamis.or.kr
채소,나물산채,눈개승마,,기본DB,https://www.nongsaro.go.kr / https://www.kamis.or.kr
채소,나물산채,삼나물,,기본DB,https://www.nongsaro.go.kr / https://www.kamis.or.kr
채소,나물산채,방풍나물,,기본DB,https://www.nongsaro.go.kr / https://www.kamis.or.kr
채소,나물산채,갯방풍,,기본DB,https://www.nongsaro.go.kr / https://www.kamis.or.kr
채소,나물산채,원방풍,,기본DB,https://www.nongsaro.go.kr / https://www.kamis.or.kr
채소,나물산채,식방풍,,기본DB,https://www.nongsaro.go.kr / https://www.kamis.or.kr
채소,나물산채,두릅,,기본DB,https://www.nongsaro.go.kr / https://www.kamis.or.kr
채소,나물산채,참두릅,,기본DB,https://www.nongsaro.go.kr / https://www.kamis.or.kr
채소,나물산채,개두릅,,기본DB,https://www.nongsaro.go.kr / https://www.kamis.or.kr
채소,나물산채,땅두릅,,기본DB,https://www.nongsaro.go.kr / https://www.kamis.or.kr
채소,나물산채,엄나무순,,기본DB,https://www.nongsaro.go.kr / https://www.kamis.or.kr
채소,나물산채,가시오가피순,,기본DB,https://www.nongsaro.go.kr / https://www.kamis.or.kr
채소,나물산채,명이나물,,기본DB,https://www.nongsaro.go.kr / https://www.kamis.or.kr
채소,나물산채,산마늘,,기본DB,https://www.nongsaro.go.kr / https://www.kamis.or.kr
채소,나물산채,고사리,,기본DB,https://www.nongsaro.go.kr / https://www.kamis.or.kr
채소,나물산채,건고사리,,기본DB,https://www.nongsaro.go.kr / https://www.kamis.or.kr
채소,나물산채,고비,,기본DB,https://www.nongsaro.go.kr / https://www.kamis.or.kr
채소,나물산채,원추리,,기본DB,https://www.nongsaro.go.kr / https://www.kamis.or.kr
채소,나물산채,참나물,,기본DB,https://www.nongsaro.go.kr / https://www.kamis.or.kr
채소,나물산채,돌나물,,기본DB,https://www.nongsaro.go.kr / https://www.kamis.or.kr
채소,나물산채,세발나물,,기본DB,https://www.nongsaro.go.kr / https://www.kamis.or.kr
채소,나물산채,유채나물,,기본DB,https://www.nongsaro.go.kr / https://www.kamis.or.kr
채소,나물산채,씀바귀,,기본DB,https://www.nongsaro.go.kr / https://www.kamis.or.kr
채소,나물산채,냉이,,기본DB,https://www.nongsaro.go.kr / https://www.kamis.or.kr
채소,나물산채,달래,,기본DB,https://www.nongsaro.go.kr / https://www.kamis.or.kr
채소,나물산채,쑥,,기본DB,https://www.nongsaro.go.kr / https://www.kamis.or.kr
채소,나물산채,머위,,기본DB,https://www.nongsaro.go.kr / https://www.kamis.or.kr
채소,나물산채,머위대,,기본DB,https://www.nongsaro.go.kr / https://www.kamis.or.kr
채소,나물산채,고구마순,,기본DB,https://www.nongsaro.go.kr / https://www.kamis.or.kr
채소,나물산채,토란대,,기본DB,https://www.nongsaro.go.kr / https://www.kamis.or.kr
채소,나물산채,무청시래기,,기본DB,https://www.nongsaro.go.kr / https://www.kamis.or.kr
채소,나물산채,시래기,,기본DB,https://www.nongsaro.go.kr / https://www.kamis.or.kr
채소,나물산채,비름나물,,기본DB,https://www.nongsaro.go.kr / https://www.kamis.or.kr
채소,나물산채,참비름,,기본DB,https://www.nongsaro.go.kr / https://www.kamis.or.kr
채소,나물산채,방아잎,,기본DB,https://www.nongsaro.go.kr / https://www.kamis.or.kr
채소,나물산채,질경이,,기본DB,https://www.nongsaro.go.kr / https://www.kamis.or.kr
채소,나물산채,민들레,,기본DB,https://www.nongsaro.go.kr / https://www.kamis.or.kr
채소,나물산채,어수리,,기본DB,https://www.nongsaro.go.kr / https://www.kamis.or.kr
채소,나물산채,부지깽이나물,,기본DB,https://www.nongsaro.go.kr / https://www.kamis.or.kr
채소,나물산채,참죽나물,,기본DB,https://www.nongsaro.go.kr / https://www.kamis.or.kr
채소,근채류,무,,기본DB,https://www.nongsaro.go.kr / https://www.kamis.or.kr
채소,근채류,봄무,,기본DB,https://www.nongsaro.go.kr / https://www.kamis.or.kr
채소,근채류,여름무,,기본DB,https://www.nongsaro.go.kr / https://www.kamis.or.kr
채소,근채류,고랭지무,,기본DB,https://www.nongsaro.go.kr / https://www.kamis.or.kr
채소,근채류,가을무,,기본DB,https://www.nongsaro.go.kr / https://www.kamis.or.kr
채소,근채류,월동무,,기본DB,https://www.nongsaro.go.kr / https://www.kamis.or.kr
채소,근채류,제주무,,기본DB,https://www.nongsaro.go.kr / https://www.kamis.or.kr
채소,근채류,총각무,,기본DB,https://www.nongsaro.go.kr / https://www.kamis.or.kr
채소,근채류,알타리무,,기본DB,https://www.nongsaro.go.kr / https://www.kamis.or.kr
채소,근채류,열무,,기본DB,https://www.nongsaro.go.kr / https://www.kamis.or.kr
채소,근채류,초롱무,,기본DB,https://www.nongsaro.go.kr / https://www.kamis.or.kr
채소,근채류,동치미무,,기본DB,https://www.nongsaro.go.kr / https://www.kamis.or.kr
채소,근채류,순무,,기본DB,https://www.nongsaro.go.kr / https://www.kamis.or.kr
채소,근채류,강화순무,,기본DB,https://www.nongsaro.go.kr / https://www.kamis.or.kr
채소,근채류,래디시,,기본DB,https://www.nongsaro.go.kr / https://www.kamis.or.kr
채소,근채류,비트,,기본DB,https://www.nongsaro.go.kr / https://www.kamis.or.kr
채소,근채류,레드비트,,기본DB,https://www.nongsaro.go.kr / https://www.kamis.or.kr
채소,근채류,골든비트,,기본DB,https://www.nongsaro.go.kr / https://www.kamis.or.kr
채소,근채류,당근,,기본DB,https://www.nongsaro.go.kr / https://www.kamis.or.kr
채소,근채류,흙당근,,기본DB,https://www.nongsaro.go.kr / https://www.kamis.or.kr
채소,근채류,세척당근,,기본DB,https://www.nongsaro.go.kr / https://www.kamis.or.kr
채소,근채류,미니당근,,기본DB,https://www.nongsaro.go.kr / https://www.kamis.or.kr
채소,근채류,우엉,,기본DB,https://www.nongsaro.go.kr / https://www.kamis.or.kr
채소,근채류,연근,,기본DB,https://www.nongsaro.go.kr / https://www.kamis.or.kr
채소,근채류,더덕,,기본DB,https://www.nongsaro.go.kr / https://www.kamis.or.kr
채소,근채류,도라지,,기본DB,https://www.nongsaro.go.kr / https://www.kamis.or.kr
채소,근채류,마,,기본DB,https://www.nongsaro.go.kr / https://www.kamis.or.kr
채소,근채류,장마,,기본DB,https://www.nongsaro.go.kr / https://www.kamis.or.kr
채소,근채류,단마,,기본DB,https://www.nongsaro.go.kr / https://www.kamis.or.kr
채소,근채류,둥근마,,기본DB,https://www.nongsaro.go.kr / https://www.kamis.or.kr
채소,근채류,열매마,,기본DB,https://www.nongsaro.go.kr / https://www.kamis.or.kr
채소,근채류,야콘,,기본DB,https://www.nongsaro.go.kr / https://www.kamis.or.kr
채소,근채류,토란,,기본DB,https://www.nongsaro.go.kr / https://www.kamis.or.kr
채소,근채류,콜라비,,기본DB,https://www.nongsaro.go.kr / https://www.kamis.or.kr
채소,근채류,셀러리악,,기본DB,https://www.nongsaro.go.kr / https://www.kamis.or.kr
채소,근채류,파스닙,,기본DB,https://www.nongsaro.go.kr / https://www.kamis.or.kr
채소,과채류,토마토,,기본DB,https://www.nongsaro.go.kr / https://www.kamis.or.kr
채소,과채류,완숙토마토,,기본DB,https://www.nongsaro.go.kr / https://www.kamis.or.kr
채소,과채류,찰토마토,,기본DB,https://www.nongsaro.go.kr / https://www.kamis.or.kr
채소,과채류,대저토마토,,기본DB,https://www.nongsaro.go.kr / https://www.kamis.or.kr
채소,과채류,짭짤이토마토,,기본DB,https://www.nongsaro.go.kr / https://www.kamis.or.kr
채소,과채류,흑토마토,,기본DB,https://www.nongsaro.go.kr / https://www.kamis.or.kr
채소,과채류,쿠마토,,기본DB,https://www.nongsaro.go.kr / https://www.kamis.or.kr
채소,과채류,방울토마토,,기본DB,https://www.nongsaro.go.kr / https://www.kamis.or.kr
채소,과채류,대추방울토마토,,기본DB,https://www.nongsaro.go.kr / https://www.kamis.or.kr
채소,과채류,스테비아토마토,,기본DB,https://www.nongsaro.go.kr / https://www.kamis.or.kr
채소,과채류,노란방울토마토,,기본DB,https://www.nongsaro.go.kr / https://www.kamis.or.kr
채소,과채류,주황방울토마토,,기본DB,https://www.nongsaro.go.kr / https://www.kamis.or.kr
채소,과채류,송이토마토,,기본DB,https://www.nongsaro.go.kr / https://www.kamis.or.kr
채소,과채류,마리네이드토마토,,기본DB,https://www.nongsaro.go.kr / https://www.kamis.or.kr
채소,과채류,오이,,기본DB,https://www.nongsaro.go.kr / https://www.kamis.or.kr
채소,과채류,백다다기오이,,기본DB,https://www.nongsaro.go.kr / https://www.kamis.or.kr
채소,과채류,취청오이,,기본DB,https://www.nongsaro.go.kr / https://www.kamis.or.kr
채소,과채류,가시오이,,기본DB,https://www.nongsaro.go.kr / https://www.kamis.or.kr
채소,과채류,노각,,기본DB,https://www.nongsaro.go.kr / https://www.kamis.or.kr
채소,과채류,미니오이,,기본DB,https://www.nongsaro.go.kr / https://www.kamis.or.kr
채소,과채류,피클오이,,기본DB,https://www.nongsaro.go.kr / https://www.kamis.or.kr
채소,과채류,가지,,기본DB,https://www.nongsaro.go.kr / https://www.kamis.or.kr
채소,과채류,흑가지,,기본DB,https://www.nongsaro.go.kr / https://www.kamis.or.kr
채소,과채류,백가지,,기본DB,https://www.nongsaro.go.kr / https://www.kamis.or.kr
채소,과채류,청가지,,기본DB,https://www.nongsaro.go.kr / https://www.kamis.or.kr
채소,과채류,가지고추,,기본DB,https://www.nongsaro.go.kr / https://www.kamis.or.kr
채소,과채류,애호박,,기본DB,https://www.nongsaro.go.kr / https://www.kamis.or.kr
채소,과채류,쥬키니호박,,기본DB,https://www.nongsaro.go.kr / https://www.kamis.or.kr
채소,과채류,단호박,,기본DB,https://www.nongsaro.go.kr / https://www.kamis.or.kr
채소,과채류,미니단호박,,기본DB,https://www.nongsaro.go.kr / https://www.kamis.or.kr
채소,과채류,밤호박,,기본DB,https://www.nongsaro.go.kr / https://www.kamis.or.kr
채소,과채류,보우짱단호박,,기본DB,https://www.nongsaro.go.kr / https://www.kamis.or.kr
채소,과채류,늙은호박,,기본DB,https://www.nongsaro.go.kr / https://www.kamis.or.kr
채소,과채류,맷돌호박,,기본DB,https://www.nongsaro.go.kr / https://www.kamis.or.kr
채소,과채류,땅콩호박,,기본DB,https://www.nongsaro.go.kr / https://www.kamis.or.kr
채소,과채류,조선호박,,기본DB,https://www.nongsaro.go.kr / https://www.kamis.or.kr
채소,과채류,풋호박,,기본DB,https://www.nongsaro.go.kr / https://www.kamis.or.kr
채소,과채류,수세미,,기본DB,https://www.nongsaro.go.kr / https://www.kamis.or.kr
채소,과채류,여주,,기본DB,https://www.nongsaro.go.kr / https://www.kamis.or.kr
채소,과채류,파프리카,,기본DB,https://www.nongsaro.go.kr / https://www.kamis.or.kr
채소,과채류,빨강파프리카,,기본DB,https://www.nongsaro.go.kr / https://www.kamis.or.kr
채소,과채류,노랑파프리카,,기본DB,https://www.nongsaro.go.kr / https://www.kamis.or.kr
채소,과채류,주황파프리카,,기본DB,https://www.nongsaro.go.kr / https://www.kamis.or.kr
채소,과채류,미니파프리카,,기본DB,https://www.nongsaro.go.kr / https://www.kamis.or.kr
채소,과채류,피망,,기본DB,https://www.nongsaro.go.kr / https://www.kamis.or.kr
채소,과채류,청피망,,기본DB,https://www.nongsaro.go.kr / https://www.kamis.or.kr
채소,과채류,홍피망,,기본DB,https://www.nongsaro.go.kr / https://www.kamis.or.kr
채소,과채류,아삭이고추,,기본DB,https://www.nongsaro.go.kr / https://www.kamis.or.kr
채소,과채류,오이고추,,기본DB,https://www.nongsaro.go.kr / https://www.kamis.or.kr
채소,과채류,풋고추,,기본DB,https://www.nongsaro.go.kr / https://www.kamis.or.kr
채소,과채류,청양고추,,기본DB,https://www.nongsaro.go.kr / https://www.kamis.or.kr
채소,과채류,홍고추,,기본DB,https://www.nongsaro.go.kr / https://www.kamis.or.kr
채소,과채류,꽈리고추,,기본DB,https://www.nongsaro.go.kr / https://www.kamis.or.kr
채소,과채류,할라피뇨,,기본DB,https://www.nongsaro.go.kr / https://www.kamis.or.kr
채소,과채류,페페론치노,,기본DB,https://www.nongsaro.go.kr / https://www.kamis.or.kr
채소,과채류,파드론고추,,기본DB,https://www.nongsaro.go.kr / https://www.kamis.or.kr
채소,파마늘류,대파,,기본DB,https://www.nongsaro.go.kr / https://www.kamis.or.kr
채소,파마늘류,흙대파,,기본DB,https://www.nongsaro.go.kr / https://www.kamis.or.kr
채소,파마늘류,깐대파,,기본DB,https://www.nongsaro.go.kr / https://www.kamis.or.kr
채소,파마늘류,실파,,기본DB,https://www.nongsaro.go.kr / https://www.kamis.or.kr
채소,파마늘류,쪽파,,기본DB,https://www.nongsaro.go.kr / https://www.kamis.or.kr
채소,파마늘류,잔파,,기본DB,https://www.nongsaro.go.kr / https://www.kamis.or.kr
채소,파마늘류,양파,,기본DB,https://www.nongsaro.go.kr / https://www.kamis.or.kr
채소,파마늘류,햇양파,,기본DB,https://www.nongsaro.go.kr / https://www.kamis.or.kr
채소,파마늘류,저장양파,,기본DB,https://www.nongsaro.go.kr / https://www.kamis.or.kr
채소,파마늘류,자색양파,,기본DB,https://www.nongsaro.go.kr / https://www.kamis.or.kr
채소,파마늘류,샬롯,,기본DB,https://www.nongsaro.go.kr / https://www.kamis.or.kr
채소,파마늘류,마늘,,기본DB,https://www.nongsaro.go.kr / https://www.kamis.or.kr
채소,파마늘류,햇마늘,,기본DB,https://www.nongsaro.go.kr / https://www.kamis.or.kr
채소,파마늘류,통마늘,,기본DB,https://www.nongsaro.go.kr / https://www.kamis.or.kr
채소,파마늘류,깐마늘,,기본DB,https://www.nongsaro.go.kr / https://www.kamis.or.kr
채소,파마늘류,대서마늘,,기본DB,https://www.nongsaro.go.kr / https://www.kamis.or.kr
채소,파마늘류,남도마늘,,기본DB,https://www.nongsaro.go.kr / https://www.kamis.or.kr
채소,파마늘류,의성마늘,,기본DB,https://www.nongsaro.go.kr / https://www.kamis.or.kr
채소,파마늘류,한지형마늘,,기본DB,https://www.nongsaro.go.kr / https://www.kamis.or.kr
채소,파마늘류,난지형마늘,,기본DB,https://www.nongsaro.go.kr / https://www.kamis.or.kr
채소,파마늘류,코끼리마늘,,기본DB,https://www.nongsaro.go.kr / https://www.kamis.or.kr
채소,파마늘류,풋마늘,,기본DB,https://www.nongsaro.go.kr / https://www.kamis.or.kr
채소,파마늘류,마늘종,,기본DB,https://www.nongsaro.go.kr / https://www.kamis.or.kr
채소,파마늘류,부추,,기본DB,https://www.nongsaro.go.kr / https://www.kamis.or.kr
채소,파마늘류,영양부추,,기본DB,https://www.nongsaro.go.kr / https://www.kamis.or.kr
채소,파마늘류,두메부추,,기본DB,https://www.nongsaro.go.kr / https://www.kamis.or.kr
채소,파마늘류,삼채,,기본DB,https://www.nongsaro.go.kr / https://www.kamis.or.kr
채소,콩류,풋콩,,기본DB,https://www.nongsaro.go.kr / https://www.kamis.or.kr
채소,콩류,서리태풋콩,,기본DB,https://www.nongsaro.go.kr / https://www.kamis.or.kr
채소,콩류,완두콩,,기본DB,https://www.nongsaro.go.kr / https://www.kamis.or.kr
채소,콩류,스냅완두,,기본DB,https://www.nongsaro.go.kr / https://www.kamis.or.kr
채소,콩류,그린빈,,기본DB,https://www.nongsaro.go.kr / https://www.kamis.or.kr
채소,콩류,강낭콩,,기본DB,https://www.nongsaro.go.kr / https://www.kamis.or.kr
채소,콩류,울타리콩,,기본DB,https://www.nongsaro.go.kr / https://www.kamis.or.kr
채소,콩류,호랑이콩,,기본DB,https://www.nongsaro.go.kr / https://www.kamis.or.kr
채소,콩류,동부콩,,기본DB,https://www.nongsaro.go.kr / https://www.kamis.or.kr
채소,콩류,작두콩,,기본DB,https://www.nongsaro.go.kr / https://www.kamis.or.kr
채소,콩류,렌틸콩,,기본DB,https://www.nongsaro.go.kr / https://www.kamis.or.kr
채소,콩류,병아리콩,,기본DB,https://www.nongsaro.go.kr / https://www.kamis.or.kr
채소,콩류,콩나물콩,,기본DB,https://www.nongsaro.go.kr / https://www.kamis.or.kr
채소,콩류,메주콩,,기본DB,https://www.nongsaro.go.kr / https://www.kamis.or.kr
채소,콩류,백태,,기본DB,https://www.nongsaro.go.kr / https://www.kamis.or.kr
채소,콩류,서리태,,기본DB,https://www.nongsaro.go.kr / https://www.kamis.or.kr
채소,콩류,쥐눈이콩,,기본DB,https://www.nongsaro.go.kr / https://www.kamis.or.kr
채소,콩류,약콩,,기본DB,https://www.nongsaro.go.kr / https://www.kamis.or.kr
채소,콩류,흑태,,기본DB,https://www.nongsaro.go.kr / https://www.kamis.or.kr
채소,콩류,청태,,기본DB,https://www.nongsaro.go.kr / https://www.kamis.or.kr
채소,콩류,팥,,기본DB,https://www.nongsaro.go.kr / https://www.kamis.or.kr
채소,콩류,적두,,기본DB,https://www.nongsaro.go.kr / https://www.kamis.or.kr
채소,콩류,녹두,,기본DB,https://www.nongsaro.go.kr / https://www.kamis.or.kr
채소,콩류,검정콩,,기본DB,https://www.nongsaro.go.kr / https://www.kamis.or.kr
채소,옥수수,찰옥수수,,기본DB,https://www.nongsaro.go.kr / https://www.kamis.or.kr
채소,옥수수,흑찰옥수수,,기본DB,https://www.nongsaro.go.kr / https://www.kamis.or.kr
채소,옥수수,미백찰옥수수,,기본DB,https://www.nongsaro.go.kr / https://www.kamis.or.kr
채소,옥수수,대학찰옥수수,,기본DB,https://www.nongsaro.go.kr / https://www.kamis.or.kr
채소,옥수수,초당옥수수,,기본DB,https://www.nongsaro.go.kr / https://www.kamis.or.kr
채소,옥수수,골드초당옥수수,,기본DB,https://www.nongsaro.go.kr / https://www.kamis.or.kr
채소,옥수수,화이트초당옥수수,,기본DB,https://www.nongsaro.go.kr / https://www.kamis.or.kr
채소,옥수수,흑점찰옥수수,,기본DB,https://www.nongsaro.go.kr / https://www.kamis.or.kr
채소,옥수수,강원도찰옥수수,,기본DB,https://www.nongsaro.go.kr / https://www.kamis.or.kr
채소,옥수수,괴산대학찰옥수수,,기본DB,https://www.nongsaro.go.kr / https://www.kamis.or.kr
채소,옥수수,캔디옥수수,,기본DB,https://www.nongsaro.go.kr / https://www.kamis.or.kr
채소,새싹어린잎,콩나물,,기본DB,https://www.nongsaro.go.kr / https://www.kamis.or.kr
채소,새싹어린잎,숙주나물,,기본DB,https://www.nongsaro.go.kr / https://www.kamis.or.kr
채소,새싹어린잎,무순,,기본DB,https://www.nongsaro.go.kr / https://www.kamis.or.kr
채소,새싹어린잎,알팔파새싹,,기본DB,https://www.nongsaro.go.kr / https://www.kamis.or.kr
채소,새싹어린잎,브로콜리새싹,,기본DB,https://www.nongsaro.go.kr / https://www.kamis.or.kr
채소,새싹어린잎,적무새싹,,기본DB,https://www.nongsaro.go.kr / https://www.kamis.or.kr
채소,새싹어린잎,청경채새싹,,기본DB,https://www.nongsaro.go.kr / https://www.kamis.or.kr
채소,새싹어린잎,보리새싹,,기본DB,https://www.nongsaro.go.kr / https://www.kamis.or.kr
채소,새싹어린잎,밀싹,,기본DB,https://www.nongsaro.go.kr / https://www.kamis.or.kr
채소,새싹어린잎,어린잎채소,,기본DB,https://www.nongsaro.go.kr / https://www.kamis.or.kr
채소,새싹어린잎,베이비채소,,기본DB,https://www.nongsaro.go.kr / https://www.kamis.or.kr
채소,새싹어린잎,마이크로그린,,기본DB,https://www.nongsaro.go.kr / https://www.kamis.or.kr
채소,새싹어린잎,새싹삼,,기본DB,https://www.nongsaro.go.kr / https://www.kamis.or.kr
채소,서양채소,브로콜리,,기본DB,https://www.nongsaro.go.kr / https://www.kamis.or.kr
채소,서양채소,콜리플라워,,기본DB,https://www.nongsaro.go.kr / https://www.kamis.or.kr
채소,서양채소,로마네스코,,기본DB,https://www.nongsaro.go.kr / https://www.kamis.or.kr
채소,서양채소,아스파라거스,,기본DB,https://www.nongsaro.go.kr / https://www.kamis.or.kr
채소,서양채소,아티초크,,기본DB,https://www.nongsaro.go.kr / https://www.kamis.or.kr
채소,서양채소,펜넬,,기본DB,https://www.nongsaro.go.kr / https://www.kamis.or.kr
채소,서양채소,오크라,,기본DB,https://www.nongsaro.go.kr / https://www.kamis.or.kr
채소,서양채소,리크,,기본DB,https://www.nongsaro.go.kr / https://www.kamis.or.kr
채소,서양채소,라디키오,,기본DB,https://www.nongsaro.go.kr / https://www.kamis.or.kr
채소,서양채소,콜라드그린,,기본DB,https://www.nongsaro.go.kr / https://www.kamis.or.kr
채소,서양채소,스위스차드,,기본DB,https://www.nongsaro.go.kr / https://www.kamis.or.kr
채소,서양채소,비트잎,,기본DB,https://www.nongsaro.go.kr / https://www.kamis.or.kr
채소,서양채소,차요테,,기본DB,https://www.nongsaro.go.kr / https://www.kamis.or.kr
채소,서양채소,브뤼셀스프라우트,,기본DB,https://www.nongsaro.go.kr / https://www.kamis.or.kr
채소,기타채소,죽순,,기본DB,https://www.nongsaro.go.kr / https://www.kamis.or.kr
채소,기타채소,맹종죽순,,기본DB,https://www.nongsaro.go.kr / https://www.kamis.or.kr
채소,기타채소,분죽순,,기본DB,https://www.nongsaro.go.kr / https://www.kamis.or.kr
채소,기타채소,생강,,기본DB,https://www.nongsaro.go.kr / https://www.kamis.or.kr
채소,기타채소,햇생강,,기본DB,https://www.nongsaro.go.kr / https://www.kamis.or.kr
채소,기타채소,구강,,기본DB,https://www.nongsaro.go.kr / https://www.kamis.or.kr
채소,기타채소,강황,,기본DB,https://www.nongsaro.go.kr / https://www.kamis.or.kr
채소,기타채소,울금,,기본DB,https://www.nongsaro.go.kr / https://www.kamis.or.kr
채소,기타채소,고수,,기본DB,https://www.nongsaro.go.kr / https://www.kamis.or.kr
채소,기타채소,향채,,기본DB,https://www.nongsaro.go.kr / https://www.kamis.or.kr
채소,기타채소,딜,,기본DB,https://www.nongsaro.go.kr / https://www.kamis.or.kr
채소,기타채소,바질,,기본DB,https://www.nongsaro.go.kr / https://www.kamis.or.kr
채소,기타채소,타임,,기본DB,https://www.nongsaro.go.kr / https://www.kamis.or.kr
채소,기타채소,로즈마리,,기본DB,https://www.nongsaro.go.kr / https://www.kamis.or.kr
채소,기타채소,민트,,기본DB,https://www.nongsaro.go.kr / https://www.kamis.or.kr
채소,기타채소,애플민트,,기본DB,https://www.nongsaro.go.kr / https://www.kamis.or.kr
채소,기타채소,페퍼민트,,기본DB,https://www.nongsaro.go.kr / https://www.kamis.or.kr
채소,기타채소,레몬밤,,기본DB,https://www.nongsaro.go.kr / https://www.kamis.or.kr
채소,기타채소,레몬그라스,,기본DB,https://www.nongsaro.go.kr / https://www.kamis.or.kr
채소,기타채소,고추냉이잎,,기본DB,https://www.nongsaro.go.kr / https://www.kamis.or.kr
채소,기타채소,와사비잎,,기본DB,https://www.nongsaro.go.kr / https://www.kamis.or.kr
버섯,재배버섯,표고버섯,,기본DB,https://www.nongsaro.go.kr / https://www.kamis.or.kr
버섯,재배버섯,생표고,,기본DB,https://www.nongsaro.go.kr / https://www.kamis.or.kr
버섯,재배버섯,건표고,,기본DB,https://www.nongsaro.go.kr / https://www.kamis.or.kr
버섯,재배버섯,화고,,기본DB,https://www.nongsaro.go.kr / https://www.kamis.or.kr
버섯,재배버섯,백화고,,기본DB,https://www.nongsaro.go.kr / https://www.kamis.or.kr
버섯,재배버섯,흑화고,,기본DB,https://www.nongsaro.go.kr / https://www.kamis.or.kr
버섯,재배버섯,향고,,기본DB,https://www.nongsaro.go.kr / https://www.kamis.or.kr
버섯,재배버섯,동고,,기본DB,https://www.nongsaro.go.kr / https://www.kamis.or.kr
버섯,재배버섯,느타리버섯,,기본DB,https://www.nongsaro.go.kr / https://www.kamis.or.kr
버섯,재배버섯,참타리버섯,,기본DB,https://www.nongsaro.go.kr / https://www.kamis.or.kr
버섯,재배버섯,맛타리버섯,,기본DB,https://www.nongsaro.go.kr / https://www.kamis.or.kr
버섯,재배버섯,새송이버섯,,기본DB,https://www.nongsaro.go.kr / https://www.kamis.or.kr
버섯,재배버섯,미니새송이,,기본DB,https://www.nongsaro.go.kr / https://www.kamis.or.kr
버섯,재배버섯,팽이버섯,,기본DB,https://www.nongsaro.go.kr / https://www.kamis.or.kr
버섯,재배버섯,황금팽이버섯,,기본DB,https://www.nongsaro.go.kr / https://www.kamis.or.kr
버섯,재배버섯,갈색팽이버섯,,기본DB,https://www.nongsaro.go.kr / https://www.kamis.or.kr
버섯,재배버섯,만가닥버섯,,기본DB,https://www.nongsaro.go.kr / https://www.kamis.or.kr
버섯,재배버섯,백만가닥버섯,,기본DB,https://www.nongsaro.go.kr / https://www.kamis.or.kr
버섯,재배버섯,갈색만가닥버섯,,기본DB,https://www.nongsaro.go.kr / https://www.kamis.or.kr
버섯,재배버섯,양송이버섯,,기본DB,https://www.nongsaro.go.kr / https://www.kamis.or.kr
버섯,재배버섯,백색양송이,,기본DB,https://www.nongsaro.go.kr / https://www.kamis.or.kr
버섯,재배버섯,갈색양송이,,기본DB,https://www.nongsaro.go.kr / https://www.kamis.or.kr
버섯,재배버섯,목이버섯,,기본DB,https://www.nongsaro.go.kr / https://www.kamis.or.kr
버섯,재배버섯,흰목이버섯,,기본DB,https://www.nongsaro.go.kr / https://www.kamis.or.kr
버섯,재배버섯,꽃송이버섯,,기본DB,https://www.nongsaro.go.kr / https://www.kamis.or.kr
버섯,재배버섯,노루궁뎅이버섯,,기본DB,https://www.nongsaro.go.kr / https://www.kamis.or.kr
버섯,재배버섯,잎새버섯,,기본DB,https://www.nongsaro.go.kr / https://www.kamis.or.kr
버섯,재배버섯,버들송이버섯,,기본DB,https://www.nongsaro.go.kr / https://www.kamis.or.kr
버섯,재배버섯,황금맛버섯,,기본DB,https://www.nongsaro.go.kr / https://www.kamis.or.kr
버섯,재배버섯,동충하초,,기본DB,https://www.nongsaro.go.kr / https://www.kamis.or.kr
버섯,재배버섯,영지버섯,,기본DB,https://www.nongsaro.go.kr / https://www.kamis.or.kr
버섯,재배버섯,상황버섯,,기본DB,https://www.nongsaro.go.kr / https://www.kamis.or.kr
버섯,재배버섯,차가버섯,,기본DB,https://www.nongsaro.go.kr / https://www.kamis.or.kr
버섯,자연산버섯,송이버섯,,기본DB,https://www.nongsaro.go.kr / https://www.kamis.or.kr
버섯,자연산버섯,자연산송이,,기본DB,https://www.nongsaro.go.kr / https://www.kamis.or.kr
버섯,자연산버섯,능이버섯,,기본DB,https://www.nongsaro.go.kr / https://www.kamis.or.kr
버섯,자연산버섯,싸리버섯,,기본DB,https://www.nongsaro.go.kr / https://www.kamis.or.kr
버섯,자연산버섯,참싸리버섯,,기본DB,https://www.nongsaro.go.kr / https://www.kamis.or.kr
버섯,자연산버섯,밤버섯,,기본DB,https://www.nongsaro.go.kr / https://www.kamis.or.kr
버섯,자연산버섯,꾀꼬리버섯,,기본DB,https://www.nongsaro.go.kr / https://www.kamis.or.kr
버섯,자연산버섯,달걀버섯,,기본DB,https://www.nongsaro.go.kr / https://www.kamis.or.kr
버섯,자연산버섯,뽕나무버섯,,기본DB,https://www.nongsaro.go.kr / https://www.kamis.or.kr
버섯,자연산버섯,밀버섯,,기본DB,https://www.nongsaro.go.kr / https://www.kamis.or.kr
버섯,자연산버섯,갓버섯,,기본DB,https://www.nongsaro.go.kr / https://www.kamis.or.kr
버섯,자연산버섯,먹버섯,,기본DB,https://www.nongsaro.go.kr / https://www.kamis.or.kr
버섯,자연산버섯,석이버섯,,기본DB,https://www.nongsaro.go.kr / https://www.kamis.or.kr
버섯,자연산버섯,송로버섯,,기본DB,https://www.nongsaro.go.kr / https://www.kamis.or.kr
버섯,자연산버섯,곰보버섯,,기본DB,https://www.nongsaro.go.kr / https://www.kamis.or.kr
견과·특용,견과,호두,,기본DB,https://www.nongsaro.go.kr / https://www.kamis.or.kr
견과·특용,견과,피호두,,기본DB,https://www.nongsaro.go.kr / https://www.kamis.or.kr
견과·특용,견과,깐호두,,기본DB,https://www.nongsaro.go.kr / https://www.kamis.or.kr
견과·특용,견과,잣,,기본DB,https://www.nongsaro.go.kr / https://www.kamis.or.kr
견과·특용,견과,황잣,,기본DB,https://www.nongsaro.go.kr / https://www.kamis.or.kr
견과·특용,견과,백잣,,기본DB,https://www.nongsaro.go.kr / https://www.kamis.or.kr
견과·특용,견과,땅콩,,기본DB,https://www.nongsaro.go.kr / https://www.kamis.or.kr
견과·특용,견과,피땅콩,,기본DB,https://www.nongsaro.go.kr / https://www.kamis.or.kr
견과·특용,견과,볶음땅콩,,기본DB,https://www.nongsaro.go.kr / https://www.kamis.or.kr
견과·특용,견과,아몬드,,기본DB,https://www.nongsaro.go.kr / https://www.kamis.or.kr
견과·특용,견과,캐슈넛,,기본DB,https://www.nongsaro.go.kr / https://www.kamis.or.kr
견과·특용,견과,피스타치오,,기본DB,https://www.nongsaro.go.kr / https://www.kamis.or.kr
견과·특용,견과,마카다미아,,기본DB,https://www.nongsaro.go.kr / https://www.kamis.or.kr
견과·특용,견과,피칸,,기본DB,https://www.nongsaro.go.kr / https://www.kamis.or.kr
견과·특용,견과,헤이즐넛,,기본DB,https://www.nongsaro.go.kr / https://www.kamis.or.kr
견과·특용,견과,브라질너트,,기본DB,https://www.nongsaro.go.kr / https://www.kamis.or.kr
견과·특용,견과,캐슈애플,,기본DB,https://www.nongsaro.go.kr / https://www.kamis.or.kr
견과·특용,견과,도토리,,기본DB,https://www.nongsaro.go.kr / https://www.kamis.or.kr
견과·특용,약용특용,인삼,,기본DB,https://www.nongsaro.go.kr / https://www.kamis.or.kr
견과·특용,약용특용,수삼,,기본DB,https://www.nongsaro.go.kr / https://www.kamis.or.kr
견과·특용,약용특용,산양삼,,기본DB,https://www.nongsaro.go.kr / https://www.kamis.or.kr
견과·특용,약용특용,산삼배양근,,기본DB,https://www.nongsaro.go.kr / https://www.kamis.or.kr
견과·특용,약용특용,황기,,기본DB,https://www.nongsaro.go.kr / https://www.kamis.or.kr
견과·특용,약용특용,당귀,,기본DB,https://www.nongsaro.go.kr / https://www.kamis.or.kr
견과·특용,약용특용,천궁,,기본DB,https://www.nongsaro.go.kr / https://www.kamis.or.kr
견과·특용,약용특용,작약,,기본DB,https://www.nongsaro.go.kr / https://www.kamis.or.kr
견과·특용,약용특용,맥문동,,기본DB,https://www.nongsaro.go.kr / https://www.kamis.or.kr
견과·특용,약용특용,오미자,,기본DB,https://www.nongsaro.go.kr / https://www.kamis.or.kr
견과·특용,약용특용,구기자,,기본DB,https://www.nongsaro.go.kr / https://www.kamis.or.kr
견과·특용,약용특용,헛개열매,,기본DB,https://www.nongsaro.go.kr / https://www.kamis.or.kr
견과·특용,약용특용,산수유,,기본DB,https://www.nongsaro.go.kr / https://www.kamis.or.kr
견과·특용,약용특용,오가피,,기본DB,https://www.nongsaro.go.kr / https://www.kamis.or.kr
견과·특용,약용특용,가시오가피,,기본DB,https://www.nongsaro.go.kr / https://www.kamis.or.kr
견과·특용,약용특용,두충,,기본DB,https://www.nongsaro.go.kr / https://www.kamis.or.kr
견과·특용,약용특용,엄나무,,기본DB,https://www.nongsaro.go.kr / https://www.kamis.or.kr
견과·특용,약용특용,황칠,,기본DB,https://www.nongsaro.go.kr / https://www.kamis.or.kr
견과·특용,약용특용,감초,,기본DB,https://www.nongsaro.go.kr / https://www.kamis.or.kr
견과·특용,약용특용,하수오,,기본DB,https://www.nongsaro.go.kr / https://www.kamis.or.kr
견과·특용,약용특용,백수오,,기본DB,https://www.nongsaro.go.kr / https://www.kamis.or.kr
견과·특용,약용특용,마가목,,기본DB,https://www.nongsaro.go.kr / https://www.kamis.or.kr
견과·특용,약용특용,구절초,,기본DB,https://www.nongsaro.go.kr / https://www.kamis.or.kr
견과·특용,약용특용,익모초,,기본DB,https://www.nongsaro.go.kr / https://www.kamis.or.kr
견과·특용,약용특용,어성초,,기본DB,https://www.nongsaro.go.kr / https://www.kamis.or.kr
견과·특용,약용특용,삼백초,,기본DB,https://www.nongsaro.go.kr / https://www.kamis.or.kr
견과·특용,약용특용,와송,,기본DB,https://www.nongsaro.go.kr / https://www.kamis.or.kr
견과·특용,약용특용,쇠비름,,기본DB,https://www.nongsaro.go.kr / https://www.kamis.or.kr
견과·특용,약용특용,꾸지뽕,,기본DB,https://www.nongsaro.go.kr / https://www.kamis.or.kr
견과·특용,약용특용,비수리,,기본DB,https://www.nongsaro.go.kr / https://www.kamis.or.kr
견과·특용,약용특용,야관문,,기본DB,https://www.nongsaro.go.kr / https://www.kamis.or.kr
수산물,새우,흰다리새우,,기본DB,https://www.nifs.go.kr / https://www.kamis.or.kr
수산물,새우,대하,,기본DB,https://www.nifs.go.kr / https://www.kamis.or.kr
수산물,새우,블랙타이거새우,,기본DB,https://www.nifs.go.kr / https://www.kamis.or.kr
수산물,새우,홍새우,,기본DB,https://www.nifs.go.kr / https://www.kamis.or.kr
수산물,새우,단새우,,기본DB,https://www.nifs.go.kr / https://www.kamis.or.kr
수산물,새우,도화새우,,기본DB,https://www.nifs.go.kr / https://www.kamis.or.kr
수산물,새우,보리새우,,기본DB,https://www.nifs.go.kr / https://www.kamis.or.kr
수산물,새우,딱새우,,기본DB,https://www.nifs.go.kr / https://www.kamis.or.kr
수산물,새우,가시발새우,,기본DB,https://www.nifs.go.kr / https://www.kamis.or.kr
수산물,새우,꽃새우,,기본DB,https://www.nifs.go.kr / https://www.kamis.or.kr
수산물,새우,민물새우,,기본DB,https://www.nifs.go.kr / https://www.kamis.or.kr
수산물,새우,토하,,기본DB,https://www.nifs.go.kr / https://www.kamis.or.kr
수산물,새우,새뱅이,,기본DB,https://www.nifs.go.kr / https://www.kamis.or.kr
수산물,새우,건새우,,기본DB,https://www.nifs.go.kr / https://www.kamis.or.kr
수산물,새우,두절새우,,기본DB,https://www.nifs.go.kr / https://www.kamis.or.kr
수산물,게,꽃게,,기본DB,https://www.nifs.go.kr / https://www.kamis.or.kr
수산물,게,활꽃게,,기본DB,https://www.nifs.go.kr / https://www.kamis.or.kr
수산물,게,암꽃게,,기본DB,https://www.nifs.go.kr / https://www.kamis.or.kr
수산물,게,숫꽃게,,기본DB,https://www.nifs.go.kr / https://www.kamis.or.kr
수산물,게,절단꽃게,,기본DB,https://www.nifs.go.kr / https://www.kamis.or.kr
수산물,게,대게,,기본DB,https://www.nifs.go.kr / https://www.kamis.or.kr
수산물,게,박달대게,,기본DB,https://www.nifs.go.kr / https://www.kamis.or.kr
수산물,게,홍게,,기본DB,https://www.nifs.go.kr / https://www.kamis.or.kr
수산물,게,붉은대게,,기본DB,https://www.nifs.go.kr / https://www.kamis.or.kr
수산물,게,킹크랩,,기본DB,https://www.nifs.go.kr / https://www.kamis.or.kr
수산물,게,털게,,기본DB,https://www.nifs.go.kr / https://www.kamis.or.kr
수산물,게,참게,,기본DB,https://www.nifs.go.kr / https://www.kamis.or.kr
수산물,게,민꽃게,,기본DB,https://www.nifs.go.kr / https://www.kamis.or.kr
수산물,게,돌게,,기본DB,https://www.nifs.go.kr / https://www.kamis.or.kr
수산물,게,칠게,,기본DB,https://www.nifs.go.kr / https://www.kamis.or.kr
수산물,게,농게,,기본DB,https://www.nifs.go.kr / https://www.kamis.or.kr
수산물,오징어문어,생물오징어,,기본DB,https://www.nifs.go.kr / https://www.kamis.or.kr
수산물,오징어문어,활오징어,,기본DB,https://www.nifs.go.kr / https://www.kamis.or.kr
수산물,오징어문어,총알오징어,,기본DB,https://www.nifs.go.kr / https://www.kamis.or.kr
수산물,오징어문어,갑오징어,,기본DB,https://www.nifs.go.kr / https://www.kamis.or.kr
수산물,오징어문어,한치,,기본DB,https://www.nifs.go.kr / https://www.kamis.or.kr
수산물,오징어문어,제주한치,,기본DB,https://www.nifs.go.kr / https://www.kamis.or.kr
수산물,오징어문어,무늬오징어,,기본DB,https://www.nifs.go.kr / https://www.kamis.or.kr
수산물,오징어문어,꼴뚜기,,기본DB,https://www.nifs.go.kr / https://www.kamis.or.kr
수산물,오징어문어,호래기,,기본DB,https://www.nifs.go.kr / https://www.kamis.or.kr
수산물,오징어문어,문어,,기본DB,https://www.nifs.go.kr / https://www.kamis.or.kr
수산물,오징어문어,참문어,,기본DB,https://www.nifs.go.kr / https://www.kamis.or.kr
수산물,오징어문어,돌문어,,기본DB,https://www.nifs.go.kr / https://www.kamis.or.kr
수산물,오징어문어,피문어,,기본DB,https://www.nifs.go.kr / https://www.kamis.or.kr
수산물,오징어문어,대왕문어,,기본DB,https://www.nifs.go.kr / https://www.kamis.or.kr
수산물,오징어문어,낙지,,기본DB,https://www.nifs.go.kr / https://www.kamis.or.kr
수산물,오징어문어,세발낙지,,기본DB,https://www.nifs.go.kr / https://www.kamis.or.kr
수산물,오징어문어,주꾸미,,기본DB,https://www.nifs.go.kr / https://www.kamis.or.kr
수산물,오징어문어,쭈꾸미,,기본DB,https://www.nifs.go.kr / https://www.kamis.or.kr
수산물,조개,바지락,,기본DB,https://www.nifs.go.kr / https://www.kamis.or.kr
수산물,조개,동죽,,기본DB,https://www.nifs.go.kr / https://www.kamis.or.kr
수산물,조개,백합,,기본DB,https://www.nifs.go.kr / https://www.kamis.or.kr
수산물,조개,대합,,기본DB,https://www.nifs.go.kr / https://www.kamis.or.kr
수산물,조개,피조개,,기본DB,https://www.nifs.go.kr / https://www.kamis.or.kr
수산물,조개,새조개,,기본DB,https://www.nifs.go.kr / https://www.kamis.or.kr
수산물,조개,참꼬막,,기본DB,https://www.nifs.go.kr / https://www.kamis.or.kr
수산물,조개,새꼬막,,기본DB,https://www.nifs.go.kr / https://www.kamis.or.kr
수산물,조개,키조개,,기본DB,https://www.nifs.go.kr / https://www.kamis.or.kr
수산물,조개,가리비,,기본DB,https://www.nifs.go.kr / https://www.kamis.or.kr
수산물,조개,홍가리비,,기본DB,https://www.nifs.go.kr / https://www.kamis.or.kr
수산물,조개,비단가리비,,기본DB,https://www.nifs.go.kr / https://www.kamis.or.kr
수산물,조개,해만가리비,,기본DB,https://www.nifs.go.kr / https://www.kamis.or.kr
수산물,조개,관자가리비,,기본DB,https://www.nifs.go.kr / https://www.kamis.or.kr
수산물,조개,전복,,기본DB,https://www.nifs.go.kr / https://www.kamis.or.kr
수산물,조개,활전복,,기본DB,https://www.nifs.go.kr / https://www.kamis.or.kr
수산물,조개,참전복,,기본DB,https://www.nifs.go.kr / https://www.kamis.or.kr
수산물,조개,오분자기,,기본DB,https://www.nifs.go.kr / https://www.kamis.or.kr
수산물,조개,소라,,기본DB,https://www.nifs.go.kr / https://www.kamis.or.kr
수산물,조개,참소라,,기본DB,https://www.nifs.go.kr / https://www.kamis.or.kr
수산물,조개,뿔소라,,기본DB,https://www.nifs.go.kr / https://www.kamis.or.kr
수산물,조개,골뱅이,,기본DB,https://www.nifs.go.kr / https://www.kamis.or.kr
수산물,조개,백골뱅이,,기본DB,https://www.nifs.go.kr / https://www.kamis.or.kr
수산물,조개,황골뱅이,,기본DB,https://www.nifs.go.kr / https://www.kamis.or.kr
수산물,조개,고둥,,기본DB,https://www.nifs.go.kr / https://www.kamis.or.kr
수산물,조개,논고둥,,기본DB,https://www.nifs.go.kr / https://www.kamis.or.kr
수산물,조개,다슬기,,기본DB,https://www.nifs.go.kr / https://www.kamis.or.kr
수산물,조개,재첩,,기본DB,https://www.nifs.go.kr / https://www.kamis.or.kr
수산물,조개,굴,,기본DB,https://www.nifs.go.kr / https://www.kamis.or.kr
수산물,조개,석화,,기본DB,https://www.nifs.go.kr / https://www.kamis.or.kr
수산물,조개,벚굴,,기본DB,https://www.nifs.go.kr / https://www.kamis.or.kr
수산물,조개,홍합,,기본DB,https://www.nifs.go.kr / https://www.kamis.or.kr
수산물,조개,담치,,기본DB,https://www.nifs.go.kr / https://www.kamis.or.kr
수산물,조개,섭,,기본DB,https://www.nifs.go.kr / https://www.kamis.or.kr
수산물,조개,맛조개,,기본DB,https://www.nifs.go.kr / https://www.kamis.or.kr
수산물,조개,개조개,,기본DB,https://www.nifs.go.kr / https://www.kamis.or.kr
수산물,조개,코끼리조개,,기본DB,https://www.nifs.go.kr / https://www.kamis.or.kr
수산물,조개,왕우럭조개,,기본DB,https://www.nifs.go.kr / https://www.kamis.or.kr
수산물,흰살생선,광어,,기본DB,https://www.nifs.go.kr / https://www.kamis.or.kr
수산물,흰살생선,넙치,,기본DB,https://www.nifs.go.kr / https://www.kamis.or.kr
수산물,흰살생선,도다리,,기본DB,https://www.nifs.go.kr / https://www.kamis.or.kr
수산물,흰살생선,문치가자미,,기본DB,https://www.nifs.go.kr / https://www.kamis.or.kr
수산물,흰살생선,참가자미,,기본DB,https://www.nifs.go.kr / https://www.kamis.or.kr
수산물,흰살생선,물가자미,,기본DB,https://www.nifs.go.kr / https://www.kamis.or.kr
수산물,흰살생선,용가자미,,기본DB,https://www.nifs.go.kr / https://www.kamis.or.kr
수산물,흰살생선,돌가자미,,기본DB,https://www.nifs.go.kr / https://www.kamis.or.kr
수산물,흰살생선,기름가자미,,기본DB,https://www.nifs.go.kr / https://www.kamis.or.kr
수산물,흰살생선,홍가자미,,기본DB,https://www.nifs.go.kr / https://www.kamis.or.kr
수산물,흰살생선,서대,,기본DB,https://www.nifs.go.kr / https://www.kamis.or.kr
수산물,흰살생선,박대,,기본DB,https://www.nifs.go.kr / https://www.kamis.or.kr
수산물,흰살생선,민어,,기본DB,https://www.nifs.go.kr / https://www.kamis.or.kr
수산물,흰살생선,조기,,기본DB,https://www.nifs.go.kr / https://www.kamis.or.kr
수산물,흰살생선,참조기,,기본DB,https://www.nifs.go.kr / https://www.kamis.or.kr
수산물,흰살생선,부세,,기본DB,https://www.nifs.go.kr / https://www.kamis.or.kr
수산물,흰살생선,보구치,,기본DB,https://www.nifs.go.kr / https://www.kamis.or.kr
수산물,흰살생선,백조기,,기본DB,https://www.nifs.go.kr / https://www.kamis.or.kr
수산물,흰살생선,수조기,,기본DB,https://www.nifs.go.kr / https://www.kamis.or.kr
수산물,흰살생선,대구,,기본DB,https://www.nifs.go.kr / https://www.kamis.or.kr
수산물,흰살생선,생대구,,기본DB,https://www.nifs.go.kr / https://www.kamis.or.kr
수산물,흰살생선,명태,,기본DB,https://www.nifs.go.kr / https://www.kamis.or.kr
수산물,흰살생선,생태,,기본DB,https://www.nifs.go.kr / https://www.kamis.or.kr
수산물,흰살생선,동태,,기본DB,https://www.nifs.go.kr / https://www.kamis.or.kr
수산물,흰살생선,코다리,,기본DB,https://www.nifs.go.kr / https://www.kamis.or.kr
수산물,흰살생선,황태,,기본DB,https://www.nifs.go.kr / https://www.kamis.or.kr
수산물,흰살생선,북어,,기본DB,https://www.nifs.go.kr / https://www.kamis.or.kr
수산물,흰살생선,노가리,,기본DB,https://www.nifs.go.kr / https://www.kamis.or.kr
수산물,흰살생선,우럭,,기본DB,https://www.nifs.go.kr / https://www.kamis.or.kr
수산물,흰살생선,조피볼락,,기본DB,https://www.nifs.go.kr / https://www.kamis.or.kr
수산물,흰살생선,볼락,,기본DB,https://www.nifs.go.kr / https://www.kamis.or.kr
수산물,흰살생선,열기,,기본DB,https://www.nifs.go.kr / https://www.kamis.or.kr
수산물,흰살생선,황열기,,기본DB,https://www.nifs.go.kr / https://www.kamis.or.kr
수산물,흰살생선,쏨뱅이,,기본DB,https://www.nifs.go.kr / https://www.kamis.or.kr
수산물,흰살생선,양태,,기본DB,https://www.nifs.go.kr / https://www.kamis.or.kr
수산물,흰살생선,성대,,기본DB,https://www.nifs.go.kr / https://www.kamis.or.kr
수산물,흰살생선,병어,,기본DB,https://www.nifs.go.kr / https://www.kamis.or.kr
수산물,흰살생선,덕자병어,,기본DB,https://www.nifs.go.kr / https://www.kamis.or.kr
수산물,흰살생선,갈치,,기본DB,https://www.nifs.go.kr / https://www.kamis.or.kr
수산물,흰살생선,먹갈치,,기본DB,https://www.nifs.go.kr / https://www.kamis.or.kr
수산물,흰살생선,은갈치,,기본DB,https://www.nifs.go.kr / https://www.kamis.or.kr
수산물,흰살생선,풀치,,기본DB,https://www.nifs.go.kr / https://www.kamis.or.kr
수산물,흰살생선,학꽁치,,기본DB,https://www.nifs.go.kr / https://www.kamis.or.kr
수산물,흰살생선,전어,,기본DB,https://www.nifs.go.kr / https://www.kamis.or.kr
수산물,흰살생선,청어,,기본DB,https://www.nifs.go.kr / https://www.kamis.or.kr
수산물,흰살생선,도루묵,,기본DB,https://www.nifs.go.kr / https://www.kamis.or.kr
수산물,흰살생선,양미리,,기본DB,https://www.nifs.go.kr / https://www.kamis.or.kr
수산물,흰살생선,꼼치,,기본DB,https://www.nifs.go.kr / https://www.kamis.or.kr
수산물,흰살생선,물메기,,기본DB,https://www.nifs.go.kr / https://www.kamis.or.kr
수산물,흰살생선,아귀,,기본DB,https://www.nifs.go.kr / https://www.kamis.or.kr
수산물,흰살생선,개복치,,기본DB,https://www.nifs.go.kr / https://www.kamis.or.kr
수산물,붉은살등푸른,고등어,,기본DB,https://www.nifs.go.kr / https://www.kamis.or.kr
수산물,붉은살등푸른,참고등어,,기본DB,https://www.nifs.go.kr / https://www.kamis.or.kr
수산물,붉은살등푸른,망치고등어,,기본DB,https://www.nifs.go.kr / https://www.kamis.or.kr
수산물,붉은살등푸른,삼치,,기본DB,https://www.nifs.go.kr / https://www.kamis.or.kr
수산물,붉은살등푸른,방어,,기본DB,https://www.nifs.go.kr / https://www.kamis.or.kr
수산물,붉은살등푸른,대방어,,기본DB,https://www.nifs.go.kr / https://www.kamis.or.kr
수산물,붉은살등푸른,부시리,,기본DB,https://www.nifs.go.kr / https://www.kamis.or.kr
수산물,붉은살등푸른,전갱이,,기본DB,https://www.nifs.go.kr / https://www.kamis.or.kr
수산물,붉은살등푸른,가라지,,기본DB,https://www.nifs.go.kr / https://www.kamis.or.kr
수산물,붉은살등푸른,정어리,,기본DB,https://www.nifs.go.kr / https://www.kamis.or.kr
수산물,붉은살등푸른,꽁치,,기본DB,https://www.nifs.go.kr / https://www.kamis.or.kr
수산물,붉은살등푸른,다랑어,,기본DB,https://www.nifs.go.kr / https://www.kamis.or.kr
수산물,붉은살등푸른,참다랑어,,기본DB,https://www.nifs.go.kr / https://www.kamis.or.kr
수산물,붉은살등푸른,눈다랑어,,기본DB,https://www.nifs.go.kr / https://www.kamis.or.kr
수산물,붉은살등푸른,황다랑어,,기본DB,https://www.nifs.go.kr / https://www.kamis.or.kr
수산물,붉은살등푸른,가다랑어,,기본DB,https://www.nifs.go.kr / https://www.kamis.or.kr
수산물,붉은살등푸른,연어,,기본DB,https://www.nifs.go.kr / https://www.kamis.or.kr
수산물,붉은살등푸른,생연어,,기본DB,https://www.nifs.go.kr / https://www.kamis.or.kr
수산물,붉은살등푸른,홍연어,,기본DB,https://www.nifs.go.kr / https://www.kamis.or.kr
수산물,붉은살등푸른,은연어,,기본DB,https://www.nifs.go.kr / https://www.kamis.or.kr
수산물,붉은살등푸른,송어,,기본DB,https://www.nifs.go.kr / https://www.kamis.or.kr
수산물,붉은살등푸른,무지개송어,,기본DB,https://www.nifs.go.kr / https://www.kamis.or.kr
수산물,붉은살등푸른,산천어,,기본DB,https://www.nifs.go.kr / https://www.kamis.or.kr
수산물,고급활어,참돔,,기본DB,https://www.nifs.go.kr / https://www.kamis.or.kr
수산물,고급활어,돌돔,,기본DB,https://www.nifs.go.kr / https://www.kamis.or.kr
수산물,고급활어,감성돔,,기본DB,https://www.nifs.go.kr / https://www.kamis.or.kr
수산물,고급활어,벵에돔,,기본DB,https://www.nifs.go.kr / https://www.kamis.or.kr
수산물,고급활어,황돔,,기본DB,https://www.nifs.go.kr / https://www.kamis.or.kr
수산물,고급활어,옥돔,,기본DB,https://www.nifs.go.kr / https://www.kamis.or.kr
수산물,고급활어,제주옥돔,,기본DB,https://www.nifs.go.kr / https://www.kamis.or.kr
수산물,고급활어,능성어,,기본DB,https://www.nifs.go.kr / https://www.kamis.or.kr
수산물,고급활어,자바리,,기본DB,https://www.nifs.go.kr / https://www.kamis.or.kr
수산물,고급활어,다금바리,,기본DB,https://www.nifs.go.kr / https://www.kamis.or.kr
수산물,고급활어,붉바리,,기본DB,https://www.nifs.go.kr / https://www.kamis.or.kr
수산물,고급활어,농어,,기본DB,https://www.nifs.go.kr / https://www.kamis.or.kr
수산물,고급활어,점농어,,기본DB,https://www.nifs.go.kr / https://www.kamis.or.kr
수산물,고급활어,민농어,,기본DB,https://www.nifs.go.kr / https://www.kamis.or.kr
수산물,고급활어,숭어,,기본DB,https://www.nifs.go.kr / https://www.kamis.or.kr
수산물,고급활어,가숭어,,기본DB,https://www.nifs.go.kr / https://www.kamis.or.kr
수산물,고급활어,참숭어,,기본DB,https://www.nifs.go.kr / https://www.kamis.or.kr
수산물,고급활어,자리돔,,기본DB,https://www.nifs.go.kr / https://www.kamis.or.kr
수산물,고급활어,쥐치,,기본DB,https://www.nifs.go.kr / https://www.kamis.or.kr
수산물,고급활어,말쥐치,,기본DB,https://www.nifs.go.kr / https://www.kamis.or.kr
수산물,고급활어,객주리,,기본DB,https://www.nifs.go.kr / https://www.kamis.or.kr
수산물,고급활어,복어,,기본DB,https://www.nifs.go.kr / https://www.kamis.or.kr
수산물,고급활어,참복,,기본DB,https://www.nifs.go.kr / https://www.kamis.or.kr
수산물,고급활어,까치복,,기본DB,https://www.nifs.go.kr / https://www.kamis.or.kr
수산물,고급활어,밀복,,기본DB,https://www.nifs.go.kr / https://www.kamis.or.kr
수산물,고급활어,은복,,기본DB,https://www.nifs.go.kr / https://www.kamis.or.kr
수산물,장어,민물장어,,기본DB,https://www.nifs.go.kr / https://www.kamis.or.kr
수산물,장어,뱀장어,,기본DB,https://www.nifs.go.kr / https://www.kamis.or.kr
수산물,장어,풍천장어,,기본DB,https://www.nifs.go.kr / https://www.kamis.or.kr
수산물,장어,바다장어,,기본DB,https://www.nifs.go.kr / https://www.kamis.or.kr
수산물,장어,붕장어,,기본DB,https://www.nifs.go.kr / https://www.kamis.or.kr
수산물,장어,아나고,,기본DB,https://www.nifs.go.kr / https://www.kamis.or.kr
수산물,장어,먹장어,,기본DB,https://www.nifs.go.kr / https://www.kamis.or.kr
수산물,장어,꼼장어,,기본DB,https://www.nifs.go.kr / https://www.kamis.or.kr
수산물,장어,갯장어,,기본DB,https://www.nifs.go.kr / https://www.kamis.or.kr
수산물,장어,하모,,기본DB,https://www.nifs.go.kr / https://www.kamis.or.kr
수산물,민물고기,메기,,기본DB,https://www.nifs.go.kr / https://www.kamis.or.kr
수산물,민물고기,미꾸라지,,기본DB,https://www.nifs.go.kr / https://www.kamis.or.kr
수산물,민물고기,동자개,,기본DB,https://www.nifs.go.kr / https://www.kamis.or.kr
수산물,민물고기,빠가사리,,기본DB,https://www.nifs.go.kr / https://www.kamis.or.kr
수산물,민물고기,쏘가리,,기본DB,https://www.nifs.go.kr / https://www.kamis.or.kr
수산물,민물고기,가물치,,기본DB,https://www.nifs.go.kr / https://www.kamis.or.kr
수산물,민물고기,붕어,,기본DB,https://www.nifs.go.kr / https://www.kamis.or.kr
수산물,민물고기,잉어,,기본DB,https://www.nifs.go.kr / https://www.kamis.or.kr
수산물,민물고기,향어,,기본DB,https://www.nifs.go.kr / https://www.kamis.or.kr
수산물,민물고기,백련어,,기본DB,https://www.nifs.go.kr / https://www.kamis.or.kr
수산물,민물고기,은어,,기본DB,https://www.nifs.go.kr / https://www.kamis.or.kr
수산물,민물고기,빙어,,기본DB,https://www.nifs.go.kr / https://www.kamis.or.kr
수산물,민물고기,민물송어,,기본DB,https://www.nifs.go.kr / https://www.kamis.or.kr
수산물,민물고기,철갑상어,,기본DB,https://www.nifs.go.kr / https://www.kamis.or.kr
수산물,해조류,미역,,기본DB,https://www.nifs.go.kr / https://www.kamis.or.kr
수산물,해조류,생미역,,기본DB,https://www.nifs.go.kr / https://www.kamis.or.kr
수산물,해조류,돌미역,,기본DB,https://www.nifs.go.kr / https://www.kamis.or.kr
수산물,해조류,기장미역,,기본DB,https://www.nifs.go.kr / https://www.kamis.or.kr
수산물,해조류,매생이,,기본DB,https://www.nifs.go.kr / https://www.kamis.or.kr
수산물,해조류,김,,기본DB,https://www.nifs.go.kr / https://www.kamis.or.kr
수산물,해조류,물김,,기본DB,https://www.nifs.go.kr / https://www.kamis.or.kr
수산물,해조류,곱창김,,기본DB,https://www.nifs.go.kr / https://www.kamis.or.kr
수산물,해조류,파래김,,기본DB,https://www.nifs.go.kr / https://www.kamis.or.kr
수산물,해조류,감태,,기본DB,https://www.nifs.go.kr / https://www.kamis.or.kr
수산물,해조류,구운감태,,기본DB,https://www.nifs.go.kr / https://www.kamis.or.kr
수산물,해조류,파래,,기본DB,https://www.nifs.go.kr / https://www.kamis.or.kr
수산물,해조류,청각,,기본DB,https://www.nifs.go.kr / https://www.kamis.or.kr
수산물,해조류,톳,,기본DB,https://www.nifs.go.kr / https://www.kamis.or.kr
수산물,해조류,모자반,,기본DB,https://www.nifs.go.kr / https://www.kamis.or.kr
수산물,해조류,꼬시래기,,기본DB,https://www.nifs.go.kr / https://www.kamis.or.kr
수산물,해조류,세모가사리,,기본DB,https://www.nifs.go.kr / https://www.kamis.or.kr
수산물,해조류,우뭇가사리,,기본DB,https://www.nifs.go.kr / https://www.kamis.or.kr
수산물,해조류,다시마,,기본DB,https://www.nifs.go.kr / https://www.kamis.or.kr
수산물,해조류,생다시마,,기본DB,https://www.nifs.go.kr / https://www.kamis.or.kr
수산물,해조류,쌈다시마,,기본DB,https://www.nifs.go.kr / https://www.kamis.or.kr
수산물,해조류,미역귀,,기본DB,https://www.nifs.go.kr / https://www.kamis.or.kr
수산물,해조류,해초모듬,,기본DB,https://www.nifs.go.kr / https://www.kamis.or.kr
수산물,기타수산,멍게,,기본DB,https://www.nifs.go.kr / https://www.kamis.or.kr
수산물,기타수산,돌멍게,,기본DB,https://www.nifs.go.kr / https://www.kamis.or.kr
수산물,기타수산,해삼,,기본DB,https://www.nifs.go.kr / https://www.kamis.or.kr
수산물,기타수산,개불,,기본DB,https://www.nifs.go.kr / https://www.kamis.or.kr
수산물,기타수산,성게,,기본DB,https://www.nifs.go.kr / https://www.kamis.or.kr
수산물,기타수산,보라성게,,기본DB,https://www.nifs.go.kr / https://www.kamis.or.kr
수산물,기타수산,말똥성게,,기본DB,https://www.nifs.go.kr / https://www.kamis.or.kr
수산물,기타수산,성게알,,기본DB,https://www.nifs.go.kr / https://www.kamis.or.kr
수산물,기타수산,군소,,기본DB,https://www.nifs.go.kr / https://www.kamis.or.kr
수산물,기타수산,해파리,,기본DB,https://www.nifs.go.kr / https://www.kamis.or.kr
수산물,기타수산,미더덕,,기본DB,https://www.nifs.go.kr / https://www.kamis.or.kr
수산물,기타수산,오만둥이,,기본DB,https://www.nifs.go.kr / https://www.kamis.or.kr
수산물,기타수산,우렁쉥이,,기본DB,https://www.nifs.go.kr / https://www.kamis.or.kr
수산물,기타수산,갑각류모듬,,기본DB,https://www.nifs.go.kr / https://www.kamis.or.kr
